{"type":"Feature","properties":{"slug":"la-boca-barracas","name":"La Boca y Barracas","region":"caba","sort":15},"geometry":{"type":"Polygon","coordinates":[[[-58.43492550133184,-34.64624102483313],[-58.43460226265029,-34.6465779055461],[-58.434504828668395,-34.646679450475276],[-58.43376756828061,-34.647254745015516],[-58.4329694607122,-34.647878594491196],[-58.43295673256644,-34.647888534822286],[-58.43284262662021,-34.647977648255655],[-58.432614719045496,-34.64815970856349],[-58.432103050236925,-34.648568440035795],[-58.432034205791346,-34.64862343390963],[-58.43196440554904,-34.648679191961946],[-58.431793296478936,-34.648815864431356],[-58.431151621501094,-34.649328392779566],[-58.431134302630014,-34.64934222583543],[-58.43090202263517,-34.64952775353357],[-58.43089980451676,-34.649529525192705],[-58.43083888641125,-34.649578181755345],[-58.43081876659202,-34.649594251333006],[-58.43076703676027,-34.64963231602034],[-58.43059202871095,-34.649761093136185],[-58.43050664992771,-34.649823845651404],[-58.43050394356305,-34.64982583478647],[-58.43049422118652,-34.64983298057774],[-58.43047455705747,-34.64984743339203],[-58.430432458920855,-34.649878374808424],[-58.43043953887051,-34.649884352196814],[-58.43044265584627,-34.64988698376521],[-58.43044294234354,-34.64988722564616],[-58.43054956580273,-34.64997724445965],[-58.43056378346787,-34.64998924796272],[-58.43066285509917,-34.650072890711954],[-58.43071147618098,-34.65011393971716],[-58.43098558345493,-34.65034535736196],[-58.43100487923841,-34.65036134744892],[-58.43202974713198,-34.65121062474234],[-58.43203324537858,-34.651213523589824],[-58.43205046470244,-34.65122725294634],[-58.432744563793825,-34.65178065145632],[-58.43299314820958,-34.651978842652284],[-58.432998508116285,-34.65198305250246],[-58.43333683691932,-34.65224878592882],[-58.433641386699925,-34.6524879860518],[-58.433680528975174,-34.65251872910368],[-58.43370256351425,-34.6525361848223],[-58.43443587935198,-34.653117109717876],[-58.43308513755608,-34.65410444252829],[-58.432120183155945,-34.654809696961955],[-58.43199504555015,-34.6549005112354],[-58.4313912580105,-34.65533859620062],[-58.43129074683368,-34.65543152819845],[-58.43093683881343,-34.655628629952446],[-58.43081385556131,-34.65569633311573],[-58.43070315718689,-34.65579452166045],[-58.42984007499782,-34.65644112551347],[-58.429636045626,-34.65659397802228],[-58.42948634758512,-34.65670900750986],[-58.4291562199264,-34.656947236007646],[-58.428908451342856,-34.657126031090854],[-58.428797287476556,-34.65720557831198],[-58.4286680501367,-34.657298077222386],[-58.42797207555214,-34.657798725651695],[-58.42783149862374,-34.65789981175504],[-58.427766908564436,-34.65794560009597],[-58.42728317049532,-34.658288527243606],[-58.42713994840479,-34.658392851440595],[-58.42688054041841,-34.658581688019005],[-58.42674830161659,-34.658677947377946],[-58.42644378824212,-34.659076590647764],[-58.42635573437525,-34.65918505183627],[-58.425720762659175,-34.65996714956317],[-58.425309604466065,-34.660473663525146],[-58.42509561899195,-34.66073727348388],[-58.42503140590861,-34.660816376710414],[-58.42494468108626,-34.66092325077709],[-58.424688004873126,-34.6612298621343],[-58.424216931000714,-34.661830879885486],[-58.42419777392466,-34.661855320971554],[-58.42419492383106,-34.66185895725991],[-58.4241554787723,-34.6619092822213],[-58.42412811077245,-34.66194419864967],[-58.4241247695343,-34.661948461298],[-58.42404389143818,-34.6620516470974],[-58.42389358771067,-34.6619664736533],[-58.42389355935618,-34.661966453813015],[-58.42364859484659,-34.661819389048844],[-58.42359717392699,-34.661788518742384],[-58.423499686922646,-34.66172999191496],[-58.42328944534934,-34.66160377175157],[-58.422591165615025,-34.66122633789705],[-58.42249594079704,-34.6611738365982],[-58.421849549928275,-34.6608611841811],[-58.421087701012866,-34.66056756862175],[-58.420894934395214,-34.66047359428238],[-58.420026974944314,-34.66017063344226],[-58.41946422358533,-34.66001302308492],[-58.418684324815764,-34.659857477125996],[-58.418101381537966,-34.65968554224041],[-58.41799882975046,-34.65965254489602],[-58.41799749255535,-34.65965211442492],[-58.41795945259788,-34.65955520734252],[-58.41790348368805,-34.659508917859945],[-58.41790175214055,-34.65950748667189],[-58.417829589158146,-34.6595169994409],[-58.417768955146364,-34.65955752149375],[-58.41770831737229,-34.65960281379519],[-58.417318748386066,-34.65945241267832],[-58.41709075552523,-34.65940701152189],[-58.416891616228234,-34.65937831600569],[-58.41663095405649,-34.65924719063873],[-58.41662795824543,-34.6592456832299],[-58.41639876755241,-34.65913038831439],[-58.416187496455784,-34.659132391831825],[-58.415957199152,-34.659069400182396],[-58.41578005917602,-34.65898628764055],[-58.41561181052789,-34.65895023932158],[-58.41558148235298,-34.65894374178469],[-58.415217868714045,-34.65884104420353],[-58.41492716776303,-34.65873683937793],[-58.414558284750264,-34.658611743014845],[-58.414300209004566,-34.65855957842601],[-58.414040275112676,-34.65851414880445],[-58.41377874043426,-34.6584754984122],[-58.413515864512746,-34.65844366520443],[-58.41325190580218,-34.65841868172954],[-58.41298712712442,-34.65840057152573],[-58.41272179021213,-34.658389353625935],[-58.41245615789311,-34.65838503895315],[-58.41240951035112,-34.658384512897726],[-58.41236289215352,-34.658385949214335],[-58.41228858023542,-34.65839232449396],[-58.41221514340239,-34.65840367950425],[-58.41214306930905,-34.65841993692969],[-58.41207283581154,-34.65844098970527],[-58.412022623570564,-34.65845945659342],[-58.41197383992997,-34.65848037590738],[-58.41186096103945,-34.65851873667381],[-58.41174556009157,-34.65855157420882],[-58.4115976997015,-34.658570972219344],[-58.41144916968726,-34.6585864792643],[-58.41130011734686,-34.6585980800801],[-58.411239806027595,-34.658600034749284],[-58.41119224137499,-34.65856745356647],[-58.41109062706113,-34.65859602998149],[-58.41099824682471,-34.65862651766435],[-58.410896630080295,-34.65865700220904],[-58.41083799553164,-34.65868295934143],[-58.41075836597891,-34.65871577617202],[-58.410682015683165,-34.6587535422251],[-58.41063435491535,-34.65879205617925],[-58.41058139672944,-34.65882551540075],[-58.41058013746938,-34.65882612691613],[-58.41052392360242,-34.658853424443954],[-58.41046278014047,-34.658875374426835],[-58.410398869807814,-34.65889104032554],[-58.41033313201041,-34.65890019178209],[-58.410286498659225,-34.65890264589532],[-58.41021859224837,-34.65888601591772],[-58.41013200075018,-34.65889074846985],[-58.41008290255838,-34.65893842625277],[-58.410041041737465,-34.65897845327418],[-58.4100279578969,-34.65898671171826],[-58.410003432646086,-34.659002191793],[-58.40998927816237,-34.6590129070183],[-58.409968537017846,-34.659028609586784],[-58.40986346117713,-34.65906950488465],[-58.409724835378015,-34.65919823441716],[-58.409632431695314,-34.659264973200514],[-58.40953715569657,-34.65930786104685],[-58.40940189866265,-34.65939121814033],[-58.409249447558814,-34.65947510290109],[-58.40910855094067,-34.659543728069565],[-58.40898151209805,-34.65960663527308],[-58.40896996608791,-34.65960838788507],[-58.40889375891996,-34.65961995239095],[-58.4087898268781,-34.65965806550727],[-58.40866510704982,-34.6597057097819],[-58.40858888213163,-34.659745743431095],[-58.408494196571894,-34.65976668851656],[-58.40836946508142,-34.65983150440912],[-58.408307108085964,-34.65985055651855],[-58.40811776545375,-34.659850470970966],[-58.408000017740775,-34.65982943001294],[-58.407926126098076,-34.659831303867485],[-58.40786839944668,-34.65983127763657],[-58.407794512706126,-34.65982742833944],[-58.40770215283494,-34.65982357057525],[-58.40764936362008,-34.65982998258415],[-58.407604669898234,-34.659855961644816],[-58.40752526922826,-34.659895277454744],[-58.407442980673956,-34.65993816959967],[-58.407405439942096,-34.65996557970243],[-58.40729429695079,-34.65999414947828],[-58.407232234297105,-34.6600048531827],[-58.407170185008944,-34.659994092404936],[-58.407113899082276,-34.65999764328851],[-58.40705039718017,-34.66000238428866],[-58.406945055279,-34.65998921827581],[-58.40681084058957,-34.65998915616667],[-58.4066520838927,-34.660002199878036],[-58.406529404619434,-34.660017645326256],[-58.40640529916394,-34.660008047818934],[-58.40625812405795,-34.659967433476616],[-58.40615541092897,-34.65994061790767],[-58.40603562103775,-34.65991698433509],[-58.405917775997985,-34.659887421161045],[-58.40580230338724,-34.65985203676232],[-58.40569010736438,-34.659811135349095],[-58.405689625312554,-34.659810959345684],[-58.40565079048172,-34.65977189266025],[-58.405650463442036,-34.659771564391086],[-58.405605750389086,-34.659736434088366],[-58.405560832400695,-34.659712149478906],[-58.405484694600815,-34.65969526958717],[-58.40542889255607,-34.659677718734535],[-58.405384218095186,-34.65967199788456],[-58.405321319237416,-34.659660036882045],[-58.40528725208234,-34.65965191787177],[-58.40485263181885,-34.659568712656736],[-58.404678297367504,-34.659542013827014],[-58.40451576706611,-34.65950667768713],[-58.40433409817369,-34.65947319800209],[-58.4041676733766,-34.65944751996289],[-58.40400421940214,-34.65942610141871],[-58.40384031756907,-34.65940716222554],[-58.403813658364726,-34.65940432058614],[-58.40334153499704,-34.65935469817821],[-58.403082902518335,-34.659350339483666],[-58.40309160649084,-34.65936418408511],[-58.4030049605953,-34.659367472891994],[-58.40283508575199,-34.65940966145464],[-58.402731177234415,-34.65941199502076],[-58.40265323791315,-34.659423881077345],[-58.40253489805445,-34.65942620729705],[-58.40241132844519,-34.65945841715467],[-58.40232415713437,-34.6594833418432],[-58.402168253701795,-34.659540503531396],[-58.40187759454251,-34.65960847095894],[-58.40182525777673,-34.6596384643546],[-58.40182501658869,-34.65963860214924],[-58.40178428411791,-34.659661945340524],[-58.401551358247225,-34.659780196705526],[-58.401435108637465,-34.65983891263601],[-58.401416552728364,-34.6598487561918],[-58.40141168914147,-34.65985133623102],[-58.40137447154094,-34.659871079439846],[-58.40110165243975,-34.65995322248846],[-58.40105418944538,-34.65999440754795],[-58.40105418944539,-34.65999440754796],[-58.40102266181112,-34.6600217649861],[-58.40101800028846,-34.66002580992157],[-58.40098968689109,-34.66005037824767],[-58.40097206860236,-34.66008145268047],[-58.4009687074824,-34.66008738136091],[-58.40095425986759,-34.66012646106125],[-58.4009466348195,-34.66016683417145],[-58.400938455780064,-34.66021423351478],[-58.40091012113573,-34.66025606893731],[-58.400889047581515,-34.660300669099115],[-58.40081407789755,-34.66041399875287],[-58.40079119002134,-34.66044706348168],[-58.40076246500219,-34.66047685488462],[-58.40072857535488,-34.66050267651023],[-58.40067239572483,-34.66053667241319],[-58.40061553886551,-34.6605645203031],[-58.40055401359294,-34.66059146615341],[-58.40041830893779,-34.66065340626411],[-58.400100609086785,-34.6607236477849],[-58.40004879040812,-34.660739074743006],[-58.39999998374822,-34.660760167723936],[-58.39993501453271,-34.66084537161544],[-58.39983337213152,-34.660900650198926],[-58.39981027295585,-34.660911132425746],[-58.39975947826747,-34.66090538199047],[-58.399734079835014,-34.66090250676438],[-58.399550031866326,-34.6608787224315],[-58.3994317074839,-34.66087939966497],[-58.39931371399106,-34.660886721274395],[-58.39926874497201,-34.66089207008913],[-58.399196594657106,-34.66090065239124],[-58.39908089168349,-34.660921129303176],[-58.39792581493132,-34.6612271608888],[-58.397879682217415,-34.66124982020721],[-58.397870382631496,-34.6612562305747],[-58.39783847150596,-34.6612782277585],[-58.39780322408519,-34.66131166748351],[-58.39779589206913,-34.66132138348291],[-58.39777482752918,-34.66134929704302],[-58.39775399822918,-34.66139016583586],[-58.39774842277741,-34.66145641490346],[-58.397734531948615,-34.661521824790086],[-58.397712476829284,-34.661585685260604],[-58.39768249686064,-34.66164730054857],[-58.39764491764625,-34.66170600377782],[-58.39760014768148,-34.66176115515821],[-58.397548672888405,-34.661812156405674],[-58.39749105225003,-34.66185845344447],[-58.39742791344217,-34.661899542715204],[-58.39742434794276,-34.66190140130541],[-58.39735994082742,-34.66193497838005],[-58.39728787327114,-34.66196437502627],[-58.39721249431744,-34.66198741397117],[-58.397134621279704,-34.66200384325662],[-58.39708938696903,-34.66201262190031],[-58.397017211076495,-34.66202442454688],[-58.39690039981987,-34.66203121713438],[-58.39678329951794,-34.66203109921965],[-58.396666509113004,-34.662024072932006],[-58.39654576765595,-34.6620235516703],[-58.39642401381697,-34.662029832698124],[-58.39642353379234,-34.66202985767439],[-58.39639919197286,-34.6620015165128],[-58.396397905892144,-34.66200001855998],[-58.39634566750566,-34.66200781234674],[-58.39630958375456,-34.66199759664246],[-58.396307852859906,-34.66199710712552],[-58.39630787467177,-34.66197000435053],[-58.396307875892695,-34.661968487273],[-58.39625072256231,-34.66197131784226],[-58.39622821165017,-34.661967012030125],[-58.39619841776472,-34.661946469559034],[-58.39619705596464,-34.66194553043851],[-58.39617540820508,-34.661916592176354],[-58.396174566923875,-34.66191546674964],[-58.396153790716326,-34.66190829989225],[-58.39612779884218,-34.66192545749423],[-58.39609661893789,-34.66193402627148],[-58.39607008462422,-34.66192715910063],[-58.396068915404356,-34.66192685648252],[-58.39605681277844,-34.66190252247188],[-58.396045701395174,-34.66188544538211],[-58.396044704443334,-34.661883913331316],[-58.39602392015892,-34.66188676385099],[-58.39598065277012,-34.66185096468579],[-58.39597892264223,-34.66184953318792],[-58.39592349596752,-34.66185951907298],[-58.395771077475985,-34.66188090009826],[-58.39564291159585,-34.66189227698993],[-58.39557539517723,-34.66186218819551],[-58.39552689693343,-34.661870747205995],[-58.39550220315546,-34.661889217853684],[-58.395466280626835,-34.661907592108186],[-58.39543637257685,-34.66191493910802],[-58.395410964650836,-34.66192351092255],[-58.3953450051055,-34.66193074767902],[-58.39530169239678,-34.66195075833742],[-58.39523758706579,-34.66198506640579],[-58.39515962123567,-34.66202509066754],[-58.395047025676824,-34.66205650953864],[-58.39500198036871,-34.662077948761215],[-58.394903770011695,-34.66209288240254],[-58.394823764506846,-34.66212155741555],[-58.39441237212928,-34.662169882082935],[-58.39434767909996,-34.662197903796695],[-58.39430610314126,-34.66221219020834],[-58.39422990703128,-34.662206423093366],[-58.39414064439056,-34.66219871769289],[-58.39409802169875,-34.6622031113332],[-58.39398569832079,-34.66222918039243],[-58.39387036165832,-34.66222657819096],[-58.39370857682221,-34.662260504379375],[-58.393537103857625,-34.66228473371843],[-58.393351786898734,-34.66229607548534],[-58.39318379781518,-34.66229740953414],[-58.39299504489897,-34.66227583639097],[-58.39287479855746,-34.66224931863351],[-58.39272112227989,-34.66222899575114],[-58.392610249699075,-34.662209707983976],[-58.39247382791384,-34.662195398203444],[-58.39233877266157,-34.66216240728076],[-58.39220026240094,-34.662119396790594],[-58.392015022834855,-34.66204058354967],[-58.39196654987561,-34.66201908985026],[-58.39189726671147,-34.66203049724033],[-58.39181417801137,-34.66198465676915],[-58.39171202886101,-34.66195025299672],[-58.391677393448425,-34.66194880211268],[-58.391590837591,-34.66190725198096],[-58.391550121699716,-34.661876369052266],[-58.39154930077616,-34.66187574569273],[-58.39150363728321,-34.66183511916703],[-58.391502413123284,-34.66183402953918],[-58.39145323931833,-34.66180074203524],[-58.3914530321657,-34.66180060129273],[-58.39140848121646,-34.661762823851866],[-58.39136931732612,-34.661721168989565],[-58.39133603204242,-34.661676159820594],[-58.39130011782592,-34.66164234644322],[-58.39126275931566,-34.661607217941466],[-58.39126204861816,-34.66160654957445],[-58.391225704379714,-34.661579338771695],[-58.391139174091535,-34.66150773702205],[-58.39113744405418,-34.661506305455504],[-58.391067762046895,-34.661458488396306],[-58.3910664809878,-34.66145760966095],[-58.39100593239029,-34.661383162120366],[-58.390970948509114,-34.66133984740034],[-58.390970611779785,-34.66133943074771],[-58.39092812590353,-34.661308485262595],[-58.390927064029334,-34.66130771212122],[-58.39088975086965,-34.66127096639517],[-58.39085951376202,-34.66123001976959],[-58.39082772751839,-34.66118414779535],[-58.39080351698593,-34.661144065587],[-58.39079935582845,-34.66109070396023],[-58.390797622223225,-34.6610771024074],[-58.39079319589213,-34.66106392381882],[-58.39078619979463,-34.661051528832594],[-58.390777581931495,-34.6610411673708],[-58.39077682454422,-34.66104025739438],[-58.39075775349505,-34.66103003754469],[-58.390743007672775,-34.661023826146206],[-58.39072722366524,-34.66101970991364],[-58.3906806686519,-34.66101663361433],[-58.390628665550544,-34.661072411823525],[-58.39054210362413,-34.6610394468991],[-58.39042784028181,-34.660997880300286],[-58.39032746056069,-34.6609219771605],[-58.39022856996834,-34.660858659459464],[-58.389730153520574,-34.6607312956222],[-58.38948258074743,-34.660645286374184],[-58.389367186703566,-34.66063991344166],[-58.389278218859005,-34.660655178978324],[-58.38919167210549,-34.66063689441999],[-58.38918991281258,-34.6606365228698],[-58.389191329012,-34.660583594548484],[-58.38919137752802,-34.66058178904726],[-58.38911826260485,-34.660597141623676],[-58.389117761787745,-34.66059724678433],[-58.38904594276606,-34.66050748901236],[-58.389044733215805,-34.6605059775071],[-58.388874816653136,-34.66053186795852],[-58.38877848726965,-34.66051076562682],[-58.38835794231466,-34.66041371230239],[-58.388357706730254,-34.66041365717142],[-58.38827633391446,-34.66039487846427],[-58.38827618340227,-34.66039484321656],[-58.38813892684785,-34.66038974772493],[-58.38809911668607,-34.660366827280455],[-58.38807141953861,-34.66035393170293],[-58.38802053185461,-34.66033286761852],[-58.3880194849851,-34.66033243429376],[-58.387986260896554,-34.66028389520638],[-58.38798623145788,-34.66028387806137],[-58.387966269368825,-34.660231790182685],[-58.38796589063213,-34.660230801098315],[-58.38789144488425,-34.6602064277359],[-58.38783601055743,-34.66022499590394],[-58.38772063176673,-34.66016513189104],[-58.3877200353282,-34.66016482233656],[-58.38762314088088,-34.6600688861135],[-58.38759432560876,-34.66002014773727],[-58.38756599384609,-34.65998316949224],[-58.387564983788124,-34.65998185099861],[-58.38751758803737,-34.65997437407227],[-58.38729236023125,-34.65979510051113],[-58.3872908875094,-34.659793927755686],[-58.38691024515562,-34.65941018264923],[-58.38675805515322,-34.65918542072823],[-58.386675045883585,-34.65905944113236],[-58.38659725348574,-34.65892986811979],[-58.3865968765485,-34.65892931802046],[-58.38659683406156,-34.65892925579621],[-58.386534905400595,-34.658878992767605],[-58.38653320708264,-34.65887761523996],[-58.386514187216164,-34.65884612139782],[-58.3864692220124,-34.658780267352554],[-58.38644701324059,-34.65871130513966],[-58.38644654115373,-34.65870983914374],[-58.3863844840278,-34.65871152441594],[-58.38638442839149,-34.658711526183694],[-58.38623284254127,-34.65858179908999],[-58.386232153654866,-34.65858120913012],[-58.3860034599956,-34.65839621329458],[-58.38600200150467,-34.65839503332104],[-58.38579372993075,-34.65820184807031],[-58.38579327107116,-34.6582014223114],[-58.38570283382048,-34.65812983942518],[-58.385607073086376,-34.65806315316334],[-58.3855063747811,-34.65800163147959],[-58.38540114882953,-34.6579455234139],[-58.385291818262054,-34.65789505728299],[-58.38526783792036,-34.657885587010995],[-58.385178826856205,-34.65785043527689],[-58.38481287329776,-34.65776606681679],[-58.384527193072465,-34.6577043493877],[-58.38412724549895,-34.65761393726163],[-58.383876158794955,-34.65759660203382],[-58.38355058457986,-34.65760354494336],[-58.38346807521241,-34.657535162893616],[-58.383466346482194,-34.65753372941544],[-58.383414400058115,-34.65752653997066],[-58.383268631025054,-34.65754194689029],[-58.383088562540294,-34.657556794735264],[-58.383085826309234,-34.65758546600158],[-58.38303531383777,-34.65758901047087],[-58.38294729393245,-34.657578220265684],[-58.382867956340185,-34.65754358522123],[-58.382818921737524,-34.65751016270096],[-58.38270924338796,-34.65751128282706],[-58.382687500446686,-34.657529221909314],[-58.38268469141881,-34.657531539389424],[-58.382680720683574,-34.657529289539845],[-58.382641510504996,-34.657507069902564],[-58.38253606597111,-34.65751474595076],[-58.38248122389788,-34.65751828732261],[-58.38241624802204,-34.65755521121034],[-58.3823788963354,-34.65753227339349],[-58.38237153742,-34.657527754229854],[-58.382126216735834,-34.65751805149483],[-58.382048312348445,-34.657492957433135],[-58.38199634387416,-34.657509616971666],[-58.38179430563986,-34.65751186722342],[-58.38161631582152,-34.65750924939442],[-58.381526704590314,-34.65754069463628],[-58.38152441299306,-34.657541498963155],[-58.38151098622765,-34.65754084995362],[-58.38122425737266,-34.65752698734342],[-58.380862058854035,-34.65750289339211],[-58.38079423731072,-34.657496884667005],[-58.380564192413686,-34.65748588477955],[-58.38049954615917,-34.657480116919736],[-58.38040603393092,-34.657501391644345],[-58.3803101935762,-34.657495490697414],[-58.38023766530624,-34.65750122117439],[-58.38016214128891,-34.65750718753876],[-58.38015535872046,-34.657506787193306],[-58.38003948348805,-34.65749994932241],[-58.37985187033771,-34.65750697558444],[-58.37964059774879,-34.65748334627759],[-58.37925447031481,-34.65745648091747],[-58.379157795425904,-34.65744210430003],[-58.379059676158356,-34.6574289191783],[-58.378991859521236,-34.657419331743405],[-58.37898431062371,-34.65741840618017],[-58.37890384032546,-34.65740853862],[-58.37874511452612,-34.65739173356912],[-58.37859506633926,-34.6573558550194],[-58.37852294327405,-34.65732360730018],[-58.378472685105784,-34.65730664560018],[-58.378457588466276,-34.65730155112349],[-58.37835390957084,-34.65731383551444],[-58.378212793454374,-34.65727801846167],[-58.37821774355705,-34.6572555215726],[-58.377969286223234,-34.657202135094295],[-58.37775682789953,-34.65714896777636],[-58.377637377615414,-34.657125093804886],[-58.37763707442007,-34.65712503319717],[-58.37753164730868,-34.6570236969757],[-58.37753057496983,-34.65702266680697],[-58.37750506225805,-34.65699257618531],[-58.377476014545394,-34.656967253993514],[-58.377440085497675,-34.656946303415125],[-58.37741372830787,-34.65693670453857],[-58.377385947374165,-34.65693042374112],[-58.37728150830892,-34.65691904027147],[-58.37703411521867,-34.656891119714984],[-58.37700047885363,-34.65688968623498],[-58.37696702749007,-34.6568929295169],[-58.37693470811421,-34.65690076008346],[-58.376904432941636,-34.656912955021774],[-58.37687705867825,-34.65692917058849],[-58.37661842507194,-34.656946160593925],[-58.376587158340264,-34.656930521809876],[-58.37637740576352,-34.65682560881355],[-58.37622269865384,-34.65683122240342],[-58.37510734026501,-34.65694871688271],[-58.37453326889377,-34.656843604710296],[-58.374123909021634,-34.656768650021675],[-58.37406439195386,-34.65672411990994],[-58.37371462528434,-34.6564624264121],[-58.37363080455895,-34.656399712037086],[-58.37354269315891,-34.656287887227386],[-58.3732767083146,-34.65594483300071],[-58.37326928132952,-34.6559352526997],[-58.37326917676008,-34.655935112903336],[-58.373268597274155,-34.65593433545678],[-58.372839438759236,-34.65536624417959],[-58.37255429249318,-34.65518288247133],[-58.37241716690687,-34.65500707996154],[-58.37180176435438,-34.654651524062366],[-58.371243188227794,-34.65440062231685],[-58.370833307884226,-34.654216508452656],[-58.37083058329144,-34.65421528497048],[-58.370317890359544,-34.65398498583178],[-58.36979205642941,-34.6535823682468],[-58.36968482711143,-34.65326179358009],[-58.36967610712589,-34.65323568373368],[-58.3697328896506,-34.653047686911826],[-58.36998366821083,-34.65221739260828],[-58.37001717285527,-34.652106460449914],[-58.36990051874177,-34.65185329546691],[-58.36986499666034,-34.6517760900554],[-58.3696618484966,-34.65133795769121],[-58.36918863420142,-34.651029508851124],[-58.36901795790145,-34.65091821727406],[-58.368642625986816,-34.65067347549641],[-58.3686378633299,-34.6506709072749],[-58.36808878771176,-34.6503748540217],[-58.367715794877505,-34.65017373932088],[-58.36765381444949,-34.65014168330116],[-58.367624920610716,-34.650126739508636],[-58.367623187326984,-34.650125843043966],[-58.367073204100414,-34.649841394359676],[-58.366977402186166,-34.6497918454807],[-58.366240260826984,-34.64943147032461],[-58.366146715470954,-34.649385736472254],[-58.36513433874226,-34.648881691084775],[-58.36509114974934,-34.64885745151986],[-58.365066901052494,-34.64884384135773],[-58.36500222776022,-34.648807543309985],[-58.364976462921376,-34.648793082711045],[-58.364976151086516,-34.64879290769269],[-58.36495056171829,-34.648770215573734],[-58.364901611259356,-34.64872680992021],[-58.36463702034109,-34.64849218681398],[-58.36455439843333,-34.64841892144768],[-58.364340151160384,-34.64822893829112],[-58.36433859585319,-34.648227559122326],[-58.3639251744723,-34.64810142568675],[-58.36392317575567,-34.64810081588088],[-58.36391235917416,-34.648101516479045],[-58.36308264919576,-34.64816197352453],[-58.36308041513222,-34.648162136302446],[-58.36239907199249,-34.64814933953355],[-58.3623907016328,-34.64814487240663],[-58.361826891878515,-34.64784174384772],[-58.36180570221619,-34.647819410091174],[-58.36180392839784,-34.647777177861215],[-58.361672676858284,-34.64767920193133],[-58.36157784489889,-34.64758496196109],[-58.36151248377268,-34.64752000823884],[-58.36147436218869,-34.64748212420823],[-58.361454870557985,-34.64746275455201],[-58.36143879297647,-34.64744677717001],[-58.361398850147154,-34.64740708323862],[-58.36113559375193,-34.647128330249515],[-58.36099534980827,-34.646979830750546],[-58.36088870162854,-34.64687480120044],[-58.36037980744459,-34.646449540468346],[-58.360256188206414,-34.64634623626934],[-58.360254466312426,-34.64634479734107],[-58.359820763620895,-34.645976115448306],[-58.35981916193726,-34.64597475388048],[-58.359160995690274,-34.6456108250358],[-58.35914326219659,-34.64560101962026],[-58.35892124073975,-34.6454782526437],[-58.358752142180464,-34.64538474911726],[-58.35829811301053,-34.64522621744235],[-58.35810234142913,-34.64515786026114],[-58.35810018497895,-34.64515710752198],[-58.35782250585861,-34.645060149412416],[-58.35773990685354,-34.645031308372175],[-58.357605042965275,-34.64498421725681],[-58.35760360074182,-34.64498371366716],[-58.3575940874053,-34.64495299961126],[-58.35757210281301,-34.64488202116307],[-58.35748785091862,-34.644610008194974],[-58.35746826826787,-34.644546786663],[-58.35733476578678,-34.644072527146726],[-58.357327682180724,-34.64404736158589],[-58.35736227834539,-34.64390953818349],[-58.35736372209369,-34.643903782097276],[-58.35738982530303,-34.643799793091546],[-58.35739383893235,-34.643783803718804],[-58.35739730734736,-34.643770910183605],[-58.35739995053906,-34.643761084342515],[-58.35740264963734,-34.64375105212947],[-58.357418307248885,-34.643692850511485],[-58.357418660110795,-34.64369154196254],[-58.357437883614004,-34.643620083615815],[-58.35743823209538,-34.64361878858427],[-58.357449531443486,-34.64357679062806],[-58.357449971980024,-34.64357515043425],[-58.35746677907102,-34.64351267799798],[-58.35746956362887,-34.64350232855893],[-58.357479768196754,-34.64346439503295],[-58.35777148754925,-34.64275362564692],[-58.357838865070654,-34.64258782255558],[-58.357866108391526,-34.64252177504953],[-58.35813070810187,-34.64187269937199],[-58.358333363241705,-34.64169398169951],[-58.35848645955345,-34.641558521510326],[-58.35852021778829,-34.64154692676239],[-58.35853169311966,-34.64154298571571],[-58.358542984050814,-34.64153910760865],[-58.35854582642279,-34.641538132013984],[-58.358551463159785,-34.641536195205965],[-58.35857011043117,-34.641529791337646],[-58.3588659448216,-34.64142818414202],[-58.358884685881144,-34.64142174785479],[-58.35910853854266,-34.641344863747435],[-58.35911102519828,-34.64134400952682],[-58.3591509240641,-34.64133030512812],[-58.35916028584371,-34.64132708965964],[-58.35935548205538,-34.641260047521584],[-58.359356089806056,-34.641259838911104],[-58.359368297196795,-34.64125564601291],[-58.35936977347495,-34.64125513887246],[-58.35942496421933,-34.641236183146056],[-58.359425161711584,-34.64123611480665],[-58.35945802497211,-34.64122482732023],[-58.359461824230024,-34.641223522600754],[-58.359711995622476,-34.641137597854616],[-58.359719162043284,-34.64113513586483],[-58.359858922426945,-34.641087132401644],[-58.3598965417184,-34.64107421095794],[-58.36090603562585,-34.64072747492921],[-58.36090809671489,-34.64072676724534],[-58.360977149653216,-34.640616537861014],[-58.360980276100726,-34.640611546639704],[-58.361107499553704,-34.6404084579255],[-58.361117731211564,-34.64039212472806],[-58.36142790053518,-34.63989699300137],[-58.3614278831138,-34.639896969549966],[-58.36142802373369,-34.63989674506722],[-58.36144408440404,-34.63987110613076],[-58.36138674091606,-34.63978560861933],[-58.361380093952995,-34.639775698173125],[-58.36136400382778,-34.639751708860324],[-58.36112837803273,-34.63940039846255],[-58.36112758674849,-34.639399218677674],[-58.3609554201254,-34.63935290829268],[-58.36094360168724,-34.63934972899512],[-58.360905139435175,-34.63933938360646],[-58.36055239443853,-34.639244498633566],[-58.36051956783212,-34.639235668644496],[-58.360466490771,-34.6392213914424],[-58.36045573973264,-34.63921849964791],[-58.3603695406592,-34.63919531281466],[-58.36036831193924,-34.63919498185932],[-58.36035911561576,-34.63919250782274],[-58.36035319241321,-34.63919254428814],[-58.36031609361946,-34.639192756349225],[-58.36030206378408,-34.639192836445815],[-58.36017579853659,-34.63919355724512],[-58.358961350614216,-34.639200491014],[-58.35804772827963,-34.63920569857723],[-58.35804356426585,-34.63920572247315],[-58.3580324354924,-34.639205786336916],[-58.35803214647837,-34.63920578608744],[-58.35797401105702,-34.63917120895169],[-58.3579705106182,-34.63916912726293],[-58.35789665925161,-34.63912520415464],[-58.35786306402223,-34.63910522316997],[-58.35769215329602,-34.63900357312862],[-58.35760395943583,-34.63895111903884],[-58.35697137142518,-34.63857487692085],[-58.35696970497311,-34.63857388681032],[-58.356968742862364,-34.638573315179094],[-58.35696118266012,-34.63856483347209],[-58.35691953078103,-34.63851810919573],[-58.35685808764636,-34.63844918377965],[-58.356856967015,-34.63844792622737],[-58.35676447742549,-34.63834417358714],[-58.35676373796335,-34.63834334363823],[-58.3567277057806,-34.63830292330057],[-58.356726306357864,-34.638301352711984],[-58.35672570084741,-34.638300674317854],[-58.356702724170646,-34.638274898972064],[-58.35669851392257,-34.638270176377965],[-58.35666401953425,-34.63823147997169],[-58.35666024599604,-34.638227248128516],[-58.356638631752745,-34.63820300096083],[-58.35663378986652,-34.63819757020022],[-58.35659228973145,-34.63815101540859],[-58.35659210677302,-34.638150809725616],[-58.35659201311606,-34.638150704177946],[-58.35658781268099,-34.63814599330692],[-58.35652173841062,-34.638071870606225],[-58.356501455052225,-34.638049117324314],[-58.35623340212726,-34.63774841500212],[-58.35612819267746,-34.637630758974296],[-58.3560955619966,-34.63759426710298],[-58.356049852351234,-34.63754315069543],[-58.35604899174639,-34.63754218829327],[-58.35525083249582,-34.6371102759347],[-58.354925700787696,-34.63693743021178],[-58.354875509456186,-34.636910747844404],[-58.35414461708766,-34.63652218736564],[-58.35414355928804,-34.63652162500736],[-58.354070227784554,-34.636428051813915],[-58.35406881892596,-34.63642625402898],[-58.3540089751514,-34.636349891903706],[-58.35400713296882,-34.63634754116144],[-58.353914406641245,-34.636229220127646],[-58.35391338538734,-34.63622791666483],[-58.35382076493542,-34.63610972996381],[-58.35353995030214,-34.635751397945874],[-58.35351211655083,-34.63571588141785],[-58.35348108651707,-34.635643002793536],[-58.35346929031261,-34.63561529794847],[-58.353388193517794,-34.635424833979734],[-58.35338304126481,-34.63541273412781],[-58.35331982274179,-34.635264259784876],[-58.35329349843035,-34.63520243221249],[-58.353290563200716,-34.63519621159272],[-58.35325206376397,-34.63511462659427],[-58.353200026335315,-34.63494621662271],[-58.353197882680234,-34.63493931524394],[-58.3530293894648,-34.634397015826785],[-58.35276622900298,-34.63356686204232],[-58.353467298772586,-34.631582639873706],[-58.353620716095065,-34.631153688889455],[-58.353645777580425,-34.63106141350279],[-58.353679890621216,-34.63096389098184],[-58.35371453057362,-34.63088108726531],[-58.353720345329855,-34.63086853214033],[-58.353750312692966,-34.63078133250899],[-58.35379252944802,-34.630675219511105],[-58.353837571978794,-34.63058625308974],[-58.35392026154276,-34.63040454203075],[-58.353979807811264,-34.63028373967779],[-58.35404252800246,-34.63016403986553],[-58.35406870906092,-34.63011639185287],[-58.35412290229879,-34.63003504778511],[-58.35419475368408,-34.629927198885056],[-58.35421478187354,-34.629897136497334],[-58.354272558693786,-34.629810413200886],[-58.35429420393778,-34.62977792292473],[-58.35469455582074,-34.62923314779472],[-58.354893354627194,-34.629008180271214],[-58.35513139862137,-34.62877752232009],[-58.355468782327804,-34.628478264627695],[-58.35584729248603,-34.62819216145565],[-58.35738475340506,-34.62719084107075],[-58.357438364783114,-34.62715633580874],[-58.35746032863944,-34.62714219945458],[-58.358996915361764,-34.626153209010745],[-58.36077231748224,-34.62501045666808],[-58.3607726166346,-34.625010153141574],[-58.36093730099788,-34.62490415125026],[-58.361205103308706,-34.624731773912146],[-58.361267532667966,-34.624689001565805],[-58.36126764071202,-34.62468892683844],[-58.36126684679877,-34.624688101376606],[-58.361266707401455,-34.624687956131666],[-58.36125610228809,-34.62467693102692],[-58.361255380251755,-34.624676180442854],[-58.361225478379154,-34.62464509345014],[-58.36122315980613,-34.62464268292011],[-58.36121137091439,-34.624630427286206],[-58.36120870929334,-34.62462766040857],[-58.36120057958867,-34.6246192091172],[-58.36119990438322,-34.62461850634718],[-58.36118879070462,-34.62460695257968],[-58.361188627348014,-34.62460678297629],[-58.36114837309806,-34.624564933376995],[-58.36114283314564,-34.6245591740828],[-58.36113034293613,-34.62454618860612],[-58.36112924845101,-34.62454505009942],[-58.36111273750845,-34.6245278849819],[-58.361111658268776,-34.62452676361475],[-58.36109777627618,-34.624512331093705],[-58.36109608717487,-34.62451057551835],[-58.36106305879014,-34.6244762380551],[-58.36105713224122,-34.62447007640034],[-58.36104788957037,-34.62446046764594],[-58.361046254922805,-34.62445876890491],[-58.36103406205037,-34.624446092853944],[-58.36103314072443,-34.62444513477519],[-58.36102696914601,-34.624438718713535],[-58.36102692780716,-34.62443863935406],[-58.36102674068852,-34.62443828493973],[-58.361023900208075,-34.624432885766396],[-58.36102215767048,-34.624428470961014],[-58.36101969639466,-34.62442150994749],[-58.361019482159016,-34.62441392883938],[-58.36101996538177,-34.6244093518421],[-58.3610216126437,-34.62440343451025],[-58.36102407931241,-34.62439800102565],[-58.36102966673593,-34.624390826814405],[-58.36103431688177,-34.62438591978574],[-58.36103920768602,-34.62438216677412],[-58.36103956233182,-34.62438195704094],[-58.36103969000445,-34.62438188142886],[-58.36104438551942,-34.624379100883786],[-58.361045474555404,-34.62437845638113],[-58.36104833381211,-34.62437654867238],[-58.361048666663756,-34.62437632720249],[-58.36109734275074,-34.624343858341675],[-58.36110105323363,-34.62434138254991],[-58.36117713443373,-34.624290634215534],[-58.36117747492539,-34.62429040644173],[-58.36120927588939,-34.624269194742396],[-58.361212975451444,-34.62426672705082],[-58.36128892664911,-34.624216065073355],[-58.36129095322138,-34.624214712837635],[-58.36131079223117,-34.624201479477556],[-58.361311009402854,-34.624201334530774],[-58.36134017805097,-34.62418187746054],[-58.36134040722714,-34.62418172441096],[-58.361356483371566,-34.624171001052545],[-58.361356672169,-34.62417087501181],[-58.3614201331206,-34.62412854423862],[-58.36142088176141,-34.62412804457669],[-58.36144160796639,-34.62411421970416],[-58.361441658167635,-34.62411418549218],[-58.36146385763615,-34.62409937839853],[-58.361463887102865,-34.62409935769049],[-58.36149106949144,-34.624081226714885],[-58.36149130630661,-34.624081068262896],[-58.36151646866752,-34.62406428411752],[-58.36151709398944,-34.62406386638117],[-58.36153362189131,-34.624052841400975],[-58.36153423957242,-34.62405242996805],[-58.361541387656395,-34.62404766201926],[-58.36154163429285,-34.62404749726541],[-58.36154786676705,-34.62404333971409],[-58.36154827928164,-34.624043065125605],[-58.36155785880379,-34.624036674847936],[-58.361558352076585,-34.62403634534024],[-58.36162889651096,-34.6239892888199],[-58.36163094271515,-34.623987923975015],[-58.36169360127744,-34.623946127831886],[-58.3616936885813,-34.623946070213805],[-58.361709773365924,-34.623935340505625],[-58.361710666056126,-34.62393474451006],[-58.36172836269582,-34.62392294074958],[-58.36172849910913,-34.62392284981989],[-58.36173673193048,-34.623917358022304],[-58.36174589236134,-34.62391124772196],[-58.36174663008523,-34.62391075526022],[-58.36175828524136,-34.623902981214506],[-58.361758364907836,-34.623902927195715],[-58.36177328525046,-34.623892975335345],[-58.36177348605111,-34.62389284119112],[-58.361785813447845,-34.62388461789443],[-58.36178647477945,-34.62388417674969],[-58.361797000426286,-34.62387715624757],[-58.36179711937962,-34.62387707612028],[-58.36180539802569,-34.623871554609345],[-58.36180568067455,-34.62387136554665],[-58.36181785418978,-34.62386324578179],[-58.361818022251384,-34.62386313324432],[-58.36183162537521,-34.62385405916385],[-58.36183251697216,-34.62385346406788],[-58.36184680979766,-34.62384392993455],[-58.361847253957684,-34.62384363463871],[-58.361860648636366,-34.62383469920003],[-58.3618610753364,-34.623834414706636],[-58.361868020400756,-34.62382978178244],[-58.36186912807542,-34.62382904263894],[-58.36186977521866,-34.6238286113976],[-58.36187924774391,-34.62382229221753],[-58.36187827968786,-34.62382299451907],[-58.36189902544988,-34.62380910287925],[-58.36190108365301,-34.62380772722276],[-58.36190218914299,-34.623806990781375],[-58.36190925860905,-34.62380227683049],[-58.36191141393245,-34.62380084085953],[-58.36191252814777,-34.62380010262249],[-58.36191785372229,-34.62379654103732],[-58.36191855215737,-34.62379607468305],[-58.36189150808117,-34.62376773876784],[-58.361774925575915,-34.623645588710566],[-58.36177420781753,-34.62364483638902],[-58.36177270069494,-34.623643256692006],[-58.361754153247276,-34.62365549712862],[-58.361715847607755,-34.623680777849415],[-58.36170578470876,-34.62368741916157],[-58.36168708861491,-34.62369975840377],[-58.36166862828769,-34.623711941948],[-58.36166593933556,-34.62371371640348],[-58.361638734420566,-34.62373167162395],[-58.36163239617196,-34.62373585523309],[-58.36161858690869,-34.6237449687821],[-58.36158479599725,-34.62376726964732],[-58.361495779927736,-34.6238260183524],[-58.36144549723444,-34.62385920446443],[-58.36139849822449,-34.62389022268304],[-58.361312711917265,-34.62394683937011],[-58.36131241978876,-34.62394703216695],[-58.3613110218596,-34.62394795476194],[-58.3613014328164,-34.623954283267196],[-58.36122915439183,-34.62400198498773],[-58.360973513924456,-34.624170701127206],[-58.36087125532655,-34.62423818861917],[-58.360864398350266,-34.62424271400308],[-58.36081552102381,-34.62419227374411],[-58.36075111621641,-34.62412580941868],[-58.36052450280676,-34.62389194760479],[-58.36052432492733,-34.62389206193506],[-58.36050884300287,-34.623901949226436],[-58.360508306093166,-34.623901364597046],[-58.36044320137301,-34.62394387018907],[-58.360385116854715,-34.62398096504573],[-58.3603576855941,-34.623998430553975],[-58.36035070124462,-34.6240028774934],[-58.36035045673959,-34.62400303316989],[-58.360301260264436,-34.62395038998551],[-58.36029977336375,-34.6239487989111],[-58.357182177753884,-34.62598855648358],[-58.357191525330265,-34.62600890872027],[-58.35634348893257,-34.62656194613707],[-58.35619829008983,-34.626654789182446],[-58.35619395196371,-34.6266575626421],[-58.3551678386582,-34.62731366458603],[-58.354881017501306,-34.62749705605059],[-58.35476184146541,-34.62757325688602],[-58.35459650533873,-34.627678970360165],[-58.35417356093229,-34.6279599855941],[-58.354164045910736,-34.62796630773812],[-58.35397275743996,-34.628093404004005],[-58.35363184051228,-34.62844369356838],[-58.35343530181668,-34.628682343709045],[-58.35329315200651,-34.62883104054422],[-58.35299688514671,-34.62916288137344],[-58.35299396933817,-34.62916582255615],[-58.35299393252348,-34.629165859691234],[-58.352883035889555,-34.62916539337714],[-58.352882863593756,-34.62916539231978],[-58.352697663423235,-34.62911301892761],[-58.352572459187776,-34.62907761212953],[-58.35239587980028,-34.62901777610202],[-58.352387760449744,-34.629015024755226],[-58.35238763509846,-34.629014982278306],[-58.35230898799375,-34.62908384935293],[-58.35219842012776,-34.62919923290237],[-58.352101487249534,-34.62922894723892],[-58.352076362928045,-34.62923833513091],[-58.35195418660443,-34.62952946975106],[-58.351954168405946,-34.629529513116196],[-58.35195427305347,-34.629529542958466],[-58.35188679100147,-34.6296903465022],[-58.35168562544241,-34.63016969864326],[-58.35134175702392,-34.63098505532156],[-58.351256907455216,-34.63117733985484],[-58.35114419263471,-34.63135986700236],[-58.350921576502316,-34.63158313514276],[-58.35022734660387,-34.63225125220486],[-58.3501496862953,-34.6323259910874],[-58.35014750518968,-34.63232711082432],[-58.34956064604177,-34.63244952818586],[-58.349068544070306,-34.632552176398356],[-58.3490447736244,-34.63251293486444],[-58.349010568514885,-34.632510353161464],[-58.3490103883284,-34.632510342624535],[-58.348684805105904,-34.63249081078181],[-58.3485309600809,-34.63248158343733],[-58.34849956985634,-34.63247233780825],[-58.34789700994262,-34.63229484805097],[-58.347708552912735,-34.632239335206286],[-58.347702406953644,-34.63223752490385],[-58.347701242812875,-34.632237182004175],[-58.34769601354844,-34.63222709109243],[-58.347692572771074,-34.63221698655153],[-58.34769241528616,-34.632216523975316],[-58.347690356531054,-34.63220382917018],[-58.34768663910855,-34.63218089720191],[-58.34768632083229,-34.63217999728593],[-58.34767886034396,-34.63215890877291],[-58.34766717799124,-34.63213813445706],[-58.34765185748938,-34.63211904414333],[-58.34763436902231,-34.63210309321718],[-58.34763324611968,-34.63210206903697],[-58.34761176429238,-34.632087593538934],[-58.347588152937305,-34.63207606996066],[-58.34751321830438,-34.63205422151216],[-58.34715467571476,-34.631949683013474],[-58.347153519095926,-34.63194934578166],[-58.34610520596076,-34.631664174445],[-58.346103125871046,-34.63166360858981],[-58.34615200810572,-34.63154286024381],[-58.34674019282909,-34.63142838038905],[-58.34674085214204,-34.63143002169098],[-58.346741028951364,-34.63143046184232],[-58.34676446397393,-34.63148880123571],[-58.34676574930729,-34.63148912948906],[-58.346854896801844,-34.63151189627845],[-58.34690362923048,-34.63149756248551],[-58.346980169002286,-34.63150338744628],[-58.34713677944672,-34.631477651605266],[-58.347262038463235,-34.63147777083606],[-58.347401267752296,-34.63144051423222],[-58.34757529892401,-34.63139753855066],[-58.34769717482466,-34.63132862810288],[-58.34776646621883,-34.63119258065962],[-58.347693470236344,-34.63092934723848],[-58.34776042471304,-34.630911806001556],[-58.347760996583304,-34.6309135416206],[-58.34776132221745,-34.63091452991609],[-58.34781678197361,-34.63108284921211],[-58.347834438390606,-34.63113643715428],[-58.34784777926583,-34.63117692882484],[-58.34784894762793,-34.63117665964627],[-58.3478709950139,-34.63117158015379],[-58.347931785530314,-34.631157571954176],[-58.34799340740847,-34.63098090286734],[-58.34808431849487,-34.630782538159266],[-58.348140485720805,-34.6304230807386],[-58.348258719543566,-34.63034553881252],[-58.34831523154125,-34.630277641456864],[-58.34827177687256,-34.63009363384616],[-58.34827170893605,-34.63009334617021],[-58.348271400843934,-34.63009204155963],[-58.34813205461117,-34.63010852054472],[-58.34792130591405,-34.63013344321874],[-58.34791151804888,-34.63013460070075],[-58.34791125851745,-34.63013463139213],[-58.34789709716825,-34.630120527037874],[-58.34792688586079,-34.63004370938616],[-58.347966704990654,-34.62994161645267],[-58.34796691876305,-34.629941591415154],[-58.348000419854415,-34.629921973991195],[-58.34808006264085,-34.62991537064891],[-58.348439598823724,-34.629863992727536],[-58.34843978315364,-34.62986396676002],[-58.34844483424371,-34.62986324497394],[-58.34847028079204,-34.62982224632712],[-58.34847072269092,-34.62979515644497],[-58.3484845055929,-34.62941116017131],[-58.348484506736796,-34.62941112141142],[-58.34848505446356,-34.62939586363308],[-58.34857302023226,-34.629376729985985],[-58.348690212233265,-34.629351239000385],[-58.348695830662656,-34.62934156305544],[-58.34871145813679,-34.629302954701686],[-58.34874700805902,-34.62922207685739],[-58.34876833962091,-34.62915188187217],[-58.34878983592159,-34.62908795549464],[-58.34878672119671,-34.6290214991673],[-58.34878480792126,-34.628942541305506],[-58.3487800913712,-34.62892550812437],[-58.34877993407632,-34.62892494007508],[-58.34877966345608,-34.62892396276655],[-58.348452486195804,-34.62895240457955],[-58.34844292811726,-34.6289532354584],[-58.34844128997503,-34.628953377861194],[-58.348431990251875,-34.628792009949635],[-58.348774505598534,-34.62875799973574],[-58.34876423004492,-34.628689411179444],[-58.3487642174777,-34.62868932729414],[-58.34869825367187,-34.6286374850599],[-58.348698056342506,-34.628637329974794],[-58.34779448855254,-34.627883752236116],[-58.34779276513247,-34.627882314880125],[-58.347271163009886,-34.62746008522731],[-58.347061164533635,-34.62729092453346],[-58.34705541685603,-34.627286294574965],[-58.34705532849174,-34.62728622339437],[-58.3463822965102,-34.62785120174177],[-58.346015494257905,-34.62815015762231],[-58.34538405600906,-34.62866479287578],[-58.345378383885944,-34.62866941572975],[-58.345378241200024,-34.628669297506086],[-58.34537809599903,-34.62866941545145],[-58.34530449190941,-34.62860830133089],[-58.34530276462619,-34.628606867150914],[-58.34528097495996,-34.628588774620745],[-58.34527939186037,-34.62858746013125],[-58.34527924769449,-34.62858734042649],[-58.34527675087701,-34.62858526685912],[-58.345275023776395,-34.62858383252932],[-58.34527360240651,-34.62858265116959],[-58.34527187599118,-34.62858121627385],[-58.345281309890844,-34.62857572044498],[-58.34528257500099,-34.6285748427869],[-58.34528364514629,-34.62857380178359],[-58.345284488659495,-34.62857262805261],[-58.345285082595844,-34.62857135312141],[-58.34528540945538,-34.62857001393111],[-58.34528545936887,-34.62856864923319],[-58.34528523228274,-34.6285672968871],[-58.34528473468631,-34.62856599475865],[-58.34528397961292,-34.62856477981862],[-58.34528318909239,-34.62856390832511],[-58.345282987733306,-34.628563686340826],[-58.345281789534866,-34.628562746805805],[-58.345042125527506,-34.62836557913602],[-58.345041767540636,-34.628365284624984],[-58.345040390254404,-34.628364151549995],[-58.345039602621256,-34.62836360002021],[-58.34503871777713,-34.62836316017191],[-58.3450377596984,-34.62836284194401],[-58.345036753453215,-34.62836265437497],[-58.345035723025745,-34.628362601995086],[-58.345034695675274,-34.62836268663368],[-58.34503369757708,-34.628362905611816],[-58.34502647154944,-34.628367838311185],[-58.345020273873146,-34.62837206902682],[-58.34501943880917,-34.628371373840665],[-58.34501935459557,-34.62837130373327],[-58.3450192979573,-34.628371256804655],[-58.34496815019407,-34.62832822489954],[-58.34458192964244,-34.62800329058017],[-58.344321094905126,-34.628213393958085],[-58.34431376174394,-34.628219301005934],[-58.34431996118544,-34.628224589360535],[-58.344319871664865,-34.628224660485216],[-58.344354326942536,-34.628254048754236],[-58.344424230876285,-34.628313673563426],[-58.34440756916273,-34.62835287710266],[-58.34432411468936,-34.6284170540219],[-58.344318228378555,-34.628421580619275],[-58.34431820125673,-34.628421601476084],[-58.34420751530138,-34.628327068180354],[-58.3442058140766,-34.62832561521681],[-58.34419081454213,-34.62833630851041],[-58.344190730477536,-34.62833637693607],[-58.344190641156416,-34.6283363083411],[-58.34419025883403,-34.62833676678934],[-58.34382393123603,-34.628638864763815],[-58.343890618977525,-34.62869565537211],[-58.343916215182766,-34.62871745326664],[-58.34390138065125,-34.62872935638766],[-58.34378930042758,-34.6288192873199],[-58.34378353178776,-34.62882391595318],[-58.34370052894975,-34.628753693486715],[-58.34369996040064,-34.62875321247943],[-58.343699132636374,-34.62875251216938],[-58.3436942329548,-34.62874881065163],[-58.34364828427558,-34.62878532798337],[-58.34346428063252,-34.62893156459285],[-58.34345765708755,-34.62893682867345],[-58.34331985397592,-34.629046346132775],[-58.34332470935762,-34.62905052086598],[-58.34338083817551,-34.62909877846053],[-58.34340917761563,-34.62912314459112],[-58.34339905105199,-34.62913168548327],[-58.34339896043137,-34.629131762014694],[-58.34339129918041,-34.629138223055264],[-58.34339328514116,-34.62913943949567],[-58.34340124439375,-34.62914431469534],[-58.34340124385689,-34.62914468788164],[-58.343401227409984,-34.6291561205433],[-58.34333026091741,-34.629221369614726],[-58.34332582283825,-34.629225450134875],[-58.34328691837761,-34.62920208588248],[-58.34328600969501,-34.62920154053224],[-58.343195827951824,-34.62914738295198],[-58.34318917955291,-34.62914339032915],[-58.34285446104735,-34.6294328171834],[-58.342851824358895,-34.629435097082826],[-58.34256067488063,-34.629357647787394],[-58.342550366037344,-34.62935490549456],[-58.342545600808926,-34.629368707669485],[-58.34254558707922,-34.629368747436644],[-58.342529112579406,-34.62941646748847],[-58.34251535624584,-34.6294563109791],[-58.34251414819408,-34.62945980994724],[-58.34250771100544,-34.62945756084604],[-58.34250756168397,-34.629457508415946],[-58.34242629684196,-34.62942911348853],[-58.34237920709711,-34.629412659214516],[-58.342360480681954,-34.62940611562232],[-58.34235842304751,-34.629405396620555],[-58.342366382543375,-34.62938811352339],[-58.34235954461366,-34.62937797030461],[-58.34237933882968,-34.62932186317311],[-58.34238531440512,-34.62930492339664],[-58.342385618620554,-34.6293040609956],[-58.342379367204316,-34.62930230604853],[-58.342208628983734,-34.6292543687523],[-58.342048758526765,-34.629209482019476],[-58.342038591859044,-34.62920662752151],[-58.342031045266914,-34.62922639351191],[-58.34201212094298,-34.62927595811162],[-58.34201071521003,-34.629279639857174],[-58.34200565591606,-34.629277742750986],[-58.342005507690935,-34.629277686715696],[-58.34185014964164,-34.62921941171521],[-58.34184814657224,-34.629218660359534],[-58.34186951035404,-34.62916560169811],[-58.34186986482864,-34.62916472133151],[-58.34178869733723,-34.629143199383535],[-58.3416888080007,-34.62911671263924],[-58.341669499659076,-34.629111593166854],[-58.341563569256,-34.62908350478684],[-58.3414085336434,-34.62895551144931],[-58.34140680140243,-34.628954081353214],[-58.3414059122353,-34.628907395151806],[-58.34140590917216,-34.628907252724765],[-58.34140572889935,-34.628897793970914],[-58.34167212503172,-34.62868078492901],[-58.34167221892488,-34.628680708402136],[-58.34169113073696,-34.628665302201966],[-58.34164094971642,-34.62862375261116],[-58.341639220013626,-34.628622320426274],[-58.34163749368728,-34.62862089085899],[-58.34159167266267,-34.62858295215119],[-58.341589942941255,-34.62858151998236],[-58.34161045789118,-34.62856079072067],[-58.341610471673434,-34.628551351089925],[-58.34161047189717,-34.62855119784919],[-58.341610479480565,-34.62854600388885],[-58.34164283837548,-34.62851912434687],[-58.34165005519831,-34.628513129906636],[-58.341701745538806,-34.62848289201563],[-58.34172107713889,-34.628482434436044],[-58.341722815477375,-34.628483856796315],[-58.34176606790192,-34.628519247192784],[-58.3417678062334,-34.628520669559514],[-58.34181300616081,-34.628557653775864],[-58.34181905782012,-34.62856174322459],[-58.3418286741449,-34.62855394111716],[-58.34187055537441,-34.62851935125746],[-58.34205871368546,-34.62836394925018],[-58.342125580307304,-34.62830872274167],[-58.34218709162498,-34.628257919543195],[-58.342187182243144,-34.62825784481552],[-58.34220070511503,-34.628246676156714],[-58.34209668691549,-34.62815656719569],[-58.342096597609356,-34.62815648958504],[-58.3420897634858,-34.6281505694945],[-58.34215882425298,-34.628089132575724],[-58.3422089330713,-34.62804455584914],[-58.34221063089458,-34.62804601611125],[-58.3422146603524,-34.62804948176287],[-58.34232275749488,-34.62814245367646],[-58.342322789984614,-34.62814242734658],[-58.342509065901574,-34.62799146787748],[-58.34268339056538,-34.62785019443353],[-58.34268348227314,-34.62785011970652],[-58.34269899824602,-34.62783754584953],[-58.342635227278464,-34.627781951847176],[-58.342599139008236,-34.627750490918835],[-58.34270960432878,-34.627663329426184],[-58.34270969057354,-34.62766326190511],[-58.34272379116522,-34.62765213612486],[-58.34272552633536,-34.627653563784115],[-58.342729306000734,-34.62765667360819],[-58.3428257203767,-34.627736001079434],[-58.34282613208386,-34.627736340419126],[-58.34304168002133,-34.627558587127574],[-58.34313523073092,-34.62748143905616],[-58.343135375162596,-34.62748131994818],[-58.34317975664594,-34.62744471998078],[-58.34319642350654,-34.62743097534982],[-58.34320868582986,-34.62741959891159],[-58.343198197523634,-34.6274106609438],[-58.3431698551481,-34.62738650748969],[-58.34316958613224,-34.62738627916607],[-58.34309760573921,-34.627324939792025],[-58.34308708042657,-34.627315970228466],[-58.343216631985264,-34.627218312039744],[-58.343264658630744,-34.627257360953244],[-58.34333116777884,-34.62731143663276],[-58.34367862086394,-34.62701619847554],[-58.34367870820672,-34.62701612464496],[-58.343581278009644,-34.626930908175225],[-58.343707343976796,-34.62682440853642],[-58.343707426952356,-34.62682433830717],[-58.34371660664879,-34.62681658339529],[-58.34382570639595,-34.62690218167186],[-58.344364746737654,-34.62647096175789],[-58.34436483734934,-34.62647088883137],[-58.34438463657517,-34.626455050534844],[-58.344384770685856,-34.626454943253606],[-58.34427755070371,-34.626378637317856],[-58.3442101792136,-34.62637106455232],[-58.344121589861935,-34.62636110570012],[-58.34358214246752,-34.62630046317119],[-58.34357895192761,-34.62630010449604],[-58.34356106904769,-34.626298225514894],[-58.343512784131015,-34.62629271746829],[-58.34350142460928,-34.62629142164099],[-58.34348606866866,-34.62640065207569],[-58.34348605016648,-34.62640078368589],[-58.34344621119269,-34.62640029293703],[-58.343328565425296,-34.62635102323216],[-58.34332678704221,-34.62635027844917],[-58.34333258547319,-34.62626984343747],[-58.343332675272656,-34.62626859775083],[-58.34304317527989,-34.62623878042817],[-58.342985927508245,-34.626232889998505],[-58.34292865460508,-34.626227021338686],[-58.34291727419847,-34.626225855203934],[-58.34291115970437,-34.626270435074595],[-58.34290522432211,-34.62631370902054],[-58.34275574043654,-34.626317802690494],[-58.3427447526082,-34.62631810358889],[-58.34273067236569,-34.62631014709589],[-58.342728897320356,-34.62630914404936],[-58.342740186086765,-34.62620356314164],[-58.3427403194654,-34.62620231568441],[-58.34251607609771,-34.62617996681352],[-58.34251166463328,-34.626179527147485],[-58.34246203215356,-34.626174580543434],[-58.34245139746347,-34.626173520638005],[-58.34243888209209,-34.62618800484069],[-58.342258341064564,-34.62632968465819],[-58.34235745464682,-34.62641893409922],[-58.34222747338202,-34.62650709911181],[-58.342221186094,-34.626511363709085],[-58.342134711741615,-34.626440969133455],[-58.34212909066286,-34.626436393279626],[-58.34212899045927,-34.62643631205249],[-58.34192329040762,-34.62660051083214],[-58.341920012543795,-34.626603475939305],[-58.341755119936124,-34.62675265774736],[-58.341748549703254,-34.62675860214639],[-58.34173543738653,-34.626770465473136],[-58.34173717371815,-34.62677189215882],[-58.34179589734185,-34.62682014335478],[-58.341791699176305,-34.6268455095768],[-58.34179918825875,-34.62685386506703],[-58.34179772333456,-34.62686912731536],[-58.341771237571876,-34.62691224188404],[-58.341705689687,-34.626943361538856],[-58.34169846990617,-34.62694678921392],[-58.34160777835931,-34.62687459962084],[-58.341601881298615,-34.62686990561096],[-58.34155844659402,-34.62690618760219],[-58.34142075845265,-34.62702119991389],[-58.341203612984444,-34.627200527137916],[-58.341205344417055,-34.62720195787308],[-58.34130706657031,-34.62728601383759],[-58.3412373349532,-34.627349099189445],[-58.34119344619972,-34.627388804744776],[-58.34118803842203,-34.62739369708359],[-58.34118560872601,-34.62739175455501],[-58.34107998796703,-34.627307311205506],[-58.34107414852302,-34.62730264258708],[-58.34067577342607,-34.62762815392144],[-58.34069876034337,-34.627647617805714],[-58.34078527501743,-34.62772087290155],[-58.34077595083033,-34.627747293101436],[-58.34067449912456,-34.627828785770966],[-58.34066857825295,-34.62783354179612],[-58.340668546727684,-34.627833567119225],[-58.34055812765775,-34.627738763174584],[-58.34055642993645,-34.62773730553732],[-58.34054151237097,-34.62774895557296],[-58.34052527208326,-34.62776163859719],[-58.340270770738584,-34.627970939691245],[-58.340267921673856,-34.62797328274399],[-58.33976488997227,-34.627836984068566],[-58.33975445734154,-34.627834157274215],[-58.339506684536694,-34.62846433949712],[-58.339502842399654,-34.62847411146006],[-58.339450986356695,-34.62861532987308],[-58.33939363172381,-34.62866572486281],[-58.33935003427541,-34.62867980629442],[-58.33934578364527,-34.62868117919383],[-58.33934571801022,-34.62868120039314],[-58.33934510861369,-34.628681079872216],[-58.3392767216968,-34.62866755491024],[-58.3392409458472,-34.62866047947278],[-58.339230371318365,-34.628658388131896],[-58.339230330947785,-34.62865840341494],[-58.33923023602501,-34.628658437572234],[-58.339226876865204,-34.62866664329333],[-58.33918973870297,-34.62875736390023],[-58.33917955695148,-34.62877194839024],[-58.3391250556552,-34.62879319251163],[-58.33912821143518,-34.6287940688633],[-58.33920598406346,-34.62881566608304],[-58.33922203262535,-34.6288201218904],[-58.33922673924803,-34.628807605989394],[-58.33930749504178,-34.62882885519293],[-58.339307185756155,-34.62882975168672],[-58.33928489562219,-34.62889436170675],[-58.33928395026459,-34.6288971019111],[-58.33920412708525,-34.62887637466913],[-58.339202112651606,-34.62887585159152],[-58.33921560692937,-34.628832919978535],[-58.3392158830881,-34.62883204138784],[-58.33896211741336,-34.62876192608602],[-58.33895163139431,-34.62875902879142],[-58.338929550819806,-34.62881926784011],[-58.33891697432053,-34.62885357558462],[-58.338894402073855,-34.6289158810748],[-58.33888713875672,-34.62892120430291],[-58.338884003825555,-34.62892350186905],[-58.33887251924641,-34.62892030364335],[-58.338736233815375,-34.628882341664514],[-58.3387341659041,-34.62888176565135],[-58.33879625625828,-34.62872486893639],[-58.338796589706334,-34.628724026341594],[-58.33823481568221,-34.628563286067234],[-58.33822440392371,-34.62856030692284],[-58.33822079054822,-34.62857088856323],[-58.338165602314035,-34.628713361407094],[-58.33816451298454,-34.62871617359316],[-58.336927952353825,-34.62837835874086],[-58.336925889915285,-34.628377795292415],[-58.336944199588046,-34.62832996251229],[-58.33697759684455,-34.62824271194397],[-58.33698514566252,-34.62822298685358],[-58.33698547292165,-34.62822213172403],[-58.33644966522781,-34.62807170328642],[-58.33643921422338,-34.62806876912976],[-58.336429887863545,-34.62809377475974],[-58.33638363523806,-34.6282177860422],[-58.336383131166194,-34.62821913754379],[-58.3363732936158,-34.6282179223078],[-58.3363636589262,-34.62821673213044],[-58.336352917400895,-34.6282233742774],[-58.336349219418175,-34.62822566096751],[-58.33620634152121,-34.62818377376848],[-58.33620430212133,-34.62818317588059],[-58.33626185057914,-34.628028123506006],[-58.33565004890086,-34.6275162602692],[-58.33564832822882,-34.627514820657524],[-58.33518850706584,-34.62713010653026],[-58.33517897001109,-34.627122127198795],[-58.335177249353166,-34.627120687582185],[-58.33516734644974,-34.627111030208006],[-58.335159330692626,-34.62710024353631],[-58.33515871099865,-34.6270990277743],[-58.33515756320618,-34.62709305197211],[-58.33515706489691,-34.62708664777742],[-58.33515866432393,-34.6264590905491],[-58.33515831204137,-34.626454168437995],[-58.33515862475802,-34.6264493615055],[-58.335158632571336,-34.6264492443294],[-58.33516030420389,-34.6264421717588],[-58.335163361304694,-34.62643542244968],[-58.33516771962465,-34.62642918110419],[-58.33517326004386,-34.62642361706352],[-58.33526956246184,-34.626343983271646],[-58.335270462136116,-34.626343239644875],[-58.336067512004554,-34.62568414111302],[-58.337027693970654,-34.62489012336847],[-58.33736334018694,-34.6248098980108],[-58.33748493465718,-34.624787203188276],[-58.337764109003906,-34.624735095892916],[-58.33778528935065,-34.62474680006671],[-58.337785482773114,-34.624747384337915],[-58.337804632858635,-34.62480523095766],[-58.33780480622987,-34.624805190373266],[-58.337805796592086,-34.62480495853992],[-58.338226970095974,-34.62470636541837],[-58.33824078306472,-34.62470313177134],[-58.338213545671984,-34.62462361679749],[-58.33843856701386,-34.62457094040713],[-58.339202406477746,-34.6239418791955],[-58.340052998369714,-34.62324135613475],[-58.34068802365424,-34.623028299543165],[-58.34189049390277,-34.62303904288859],[-58.34215116036262,-34.623136610160834],[-58.34215145317297,-34.62313750562718],[-58.34220171289315,-34.62329120853155],[-58.3422032151757,-34.623291947830474],[-58.34237750571072,-34.623377718966225],[-58.342395348221096,-34.62335435386097],[-58.34256250189724,-34.623188740476756],[-58.34264580658519,-34.62310620250095],[-58.34276248397325,-34.622990600069855],[-58.34301743358921,-34.62273799575473],[-58.34303295915256,-34.6227226130332],[-58.34303756808641,-34.6227144408106],[-58.343040541046825,-34.622705766687794],[-58.34304180138884,-34.62269681053539],[-58.34304131606668,-34.62268780398541],[-58.343039098925914,-34.622678976011755],[-58.34303520524985,-34.62267055382631],[-58.343029735043785,-34.62266275386792],[-58.34302884773452,-34.62266185693193],[-58.34302783288287,-34.622660831069766],[-58.34299327709762,-34.6226411414117],[-58.34299311572294,-34.62264104946141],[-58.342972124201694,-34.622624546320665],[-58.342919013474976,-34.62259164442896],[-58.34287862150876,-34.6225666230302],[-58.34287847368957,-34.62256653146138],[-58.342763042016784,-34.6224945482628],[-58.34275333856314,-34.62248849646621],[-58.34264972236134,-34.622428037751895],[-58.342541445077046,-34.622373445273496],[-58.34242899265841,-34.622324964686086],[-58.34231286854016,-34.62228281101515],[-58.34226600847676,-34.62226791816709],[-58.342250955656034,-34.62226398331095],[-58.34225039008698,-34.62226383546933],[-58.34223959277522,-34.62226101213494],[-58.34223599466305,-34.62226007128256],[-58.34217164629785,-34.62225154308368],[-58.342135963349875,-34.62224681396011],[-58.34211601465925,-34.62224671654001],[-58.34210491339487,-34.622246662325175],[-58.34207414713227,-34.62225013015947],[-58.342044280734484,-34.62225714776503],[-58.34201590866609,-34.62226757691517],[-58.341990329153404,-34.622280830012436],[-58.341989599326624,-34.62228120814557],[-58.34197019067662,-34.62229438921493],[-58.341948876300016,-34.62230886462509],[-58.341935875673244,-34.6223237079692],[-58.34192111265545,-34.622356732070145],[-58.34191253333471,-34.62239121901493],[-58.341910335137264,-34.622426381161496],[-58.3419145661264,-34.6224614162957],[-58.341925130428784,-34.622495524763245],[-58.341929095892,-34.62250323854076],[-58.34194178820454,-34.62252792930124],[-58.341961715686956,-34.62255837650411],[-58.34197529042074,-34.62259112501656],[-58.34197666308434,-34.622597973556196],[-58.342004816100555,-34.62266923073595],[-58.342013493202195,-34.622691192507844],[-58.342016146793085,-34.62271623654979],[-58.342014668746415,-34.622741346794335],[-58.342009085903626,-34.62276605903753],[-58.34199950142139,-34.62278991816508],[-58.341984210630216,-34.62280268326915],[-58.341966476430215,-34.62281306709779],[-58.34194683684918,-34.62282075559013],[-58.34192588213568,-34.62282551676664],[-58.341909430408805,-34.62282680208019],[-58.341904247116894,-34.62282720703148],[-58.34188258502332,-34.62282577475218],[-58.34186155003815,-34.6228212629467],[-58.341839893946194,-34.62281870659705],[-58.34183204437607,-34.62281778023564],[-58.34173905205957,-34.6228068047773],[-58.341452852450345,-34.622765648023915],[-58.34139378230528,-34.622748253828696],[-58.34133680434351,-34.622726611508924],[-58.34126493001726,-34.62268809953949],[-58.34119555501702,-34.6226465720805],[-58.341137401796715,-34.62263306379216],[-58.341078064868164,-34.62262371073035],[-58.34101797919249,-34.62261858183729],[-58.34096787515027,-34.622617861577154],[-58.34095758195871,-34.622617713607],[-58.34057164382651,-34.62266204439232],[-58.340460998515915,-34.62266565640452],[-58.340458630064106,-34.62266573372144],[-58.340345535046346,-34.62266462461375],[-58.34023265755623,-34.62265872187764],[-58.33984685680684,-34.62261063168506],[-58.33974027035992,-34.622597101648935],[-58.33963278585603,-34.622589917496256],[-58.33953520463063,-34.6225891920451],[-58.33952495496019,-34.6225891158411],[-58.339417332654996,-34.62259470175325],[-58.33931046961253,-34.622606646046144],[-58.339204915463526,-34.622624887082935],[-58.33887706945353,-34.62268205775497],[-58.3386520940355,-34.6227212890198],[-58.338055916223176,-34.62281300163655],[-58.3380558028212,-34.622813001520115],[-58.33797397348803,-34.62281290756099],[-58.337973858995646,-34.622812907443375],[-58.33796243374806,-34.62281289390173],[-58.33786930799859,-34.622806155628716],[-58.33777722369556,-34.62279283710089],[-58.33768686221565,-34.62277303637545],[-58.33759888850551,-34.622746899269714],[-58.33751395108131,-34.622714619361055],[-58.33743267876367,-34.62267643347621],[-58.33735566867836,-34.62263262438282],[-58.33728348953829,-34.62258351358135],[-58.33721817583006,-34.622530680665214],[-58.33721667291444,-34.62252946490124],[-58.3371557132479,-34.62247087638802],[-58.33713121630408,-34.622442775476074],[-58.33710105803635,-34.622408180292716],[-58.337053112202526,-34.622341838568914],[-58.337012228283704,-34.622272341059634],[-58.33697870753059,-34.622200200089424],[-58.33695279882293,-34.622125946857494],[-58.336934691038735,-34.62205013052811],[-58.33692451852051,-34.62197330922186],[-58.33692235780645,-34.62189604911076],[-58.33692822218436,-34.62181892080686],[-58.3369374798655,-34.621763363355676],[-58.33695090630282,-34.621708390734725],[-58.33696844773554,-34.6216542165231],[-58.33698179787786,-34.62156681348457],[-58.33699172056752,-34.621528571162656],[-58.337009387488415,-34.6214922875271],[-58.3370342812667,-34.621459026614374],[-58.33706567095308,-34.62142976209708],[-58.33730553309505,-34.62115931227706],[-58.337327577678,-34.62113025257588],[-58.33734430796679,-34.621098863526356],[-58.33735537295693,-34.62106580460666],[-58.33741769324427,-34.62092100284878],[-58.33745061299085,-34.62061396674997],[-58.33751257043852,-34.620181748102375],[-58.33750769983237,-34.620058839141244],[-58.337519497412416,-34.62001417248539],[-58.33753632098592,-34.61997062065618],[-58.337558021674106,-34.61992856930535],[-58.33758440809542,-34.619888390518966],[-58.33764815645386,-34.619702424992894],[-58.33781732885031,-34.61943428550225],[-58.33804299316669,-34.61900760092828],[-58.33807004511606,-34.61896534584431],[-58.338104392357224,-34.61892688329928],[-58.338145273623724,-34.6188930688541],[-58.338191780613414,-34.6188646533541],[-58.33853537250824,-34.61867181944159],[-58.33859342720191,-34.61864336782163],[-58.33865525409783,-34.618620999197816],[-58.33871992590773,-34.61860504884679],[-58.338786471876624,-34.61859575555071],[-58.339177512320695,-34.61850313842631],[-58.33974315618008,-34.61848755109922],[-58.33983662301744,-34.61848979290983],[-58.33990496203263,-34.618499162895766],[-58.340185617858936,-34.61858704455497],[-58.340376198480236,-34.61868359302412],[-58.34039462665553,-34.618690151386595],[-58.340495066992986,-34.61865877048004],[-58.3405340205612,-34.61865380140331],[-58.34056346583447,-34.6186402358307],[-58.34069593060784,-34.618607456422275],[-58.34090283098365,-34.618571173843726],[-58.34098073374807,-34.61856338078999],[-58.34104392337931,-34.61855628957047],[-58.34109691252789,-34.61854416178793],[-58.341160803745346,-34.618527786594605],[-58.34142015229888,-34.618496307017956],[-58.341563213071765,-34.61848330987885],[-58.3418333841609,-34.61849671917241],[-58.34200178932574,-34.618499945251834],[-58.34204952563823,-34.61849562533236],[-58.34211257140316,-34.618498147951534],[-58.34218884834992,-34.61850756961462],[-58.34232372783995,-34.618509805555654],[-58.342479682245866,-34.61852364004816],[-58.34265978453824,-34.61854133736791],[-58.34286105775598,-34.6185721953105],[-58.343064733926234,-34.61862218430277],[-58.343302673155954,-34.61866713798352],[-58.34340942911282,-34.61870483793068],[-58.343448395296654,-34.61872087877157],[-58.343464897260446,-34.618727671973524],[-58.343482723970645,-34.6187362924787],[-58.34350000047723,-34.61874464691642],[-58.343612191921046,-34.61878038927161],[-58.34378856992695,-34.61883046679264],[-58.343943895227156,-34.619199591735686],[-58.343937060502796,-34.61925234701032],[-58.34392442799342,-34.619349853542865],[-58.344011682857236,-34.61943072045553],[-58.34405297712205,-34.619493924153545],[-58.34410367142273,-34.6196624092284],[-58.34413529876839,-34.61980718907007],[-58.34419876165445,-34.6199520008877],[-58.344208088607346,-34.61997417678443],[-58.344212309814395,-34.62004871291936],[-58.34427809954158,-34.620125777224715],[-58.344302544100856,-34.62018186301306],[-58.344309704826436,-34.62028634804369],[-58.34433682165894,-34.62042135203953],[-58.344340396441034,-34.620448487329476],[-58.34435052103233,-34.620525351265414],[-58.344341243915,-34.62055682426936],[-58.3443026958079,-34.620736379935245],[-58.344295657664915,-34.620761413580425],[-58.344270631970645,-34.62077315898853],[-58.34427568738646,-34.62080647044173],[-58.344224334870916,-34.62084694180161],[-58.34423315459032,-34.62089300479402],[-58.34423560823499,-34.6209004375833],[-58.34423674386278,-34.620903875801254],[-58.3442478048151,-34.620937380611416],[-58.34423031880436,-34.62096914576551],[-58.3442520037971,-34.62102753829752],[-58.34425598727944,-34.621066261723286],[-58.34427005574497,-34.62111413176932],[-58.344270144847876,-34.62112034241602],[-58.344255937489095,-34.621123445135105],[-58.34426535653426,-34.62118017517568],[-58.34426739043092,-34.62119242513755],[-58.34427153733736,-34.62121740154071],[-58.344238610955166,-34.621315157107],[-58.344234977953015,-34.62134091608155],[-58.344214096723384,-34.62141146237978],[-58.34416971101719,-34.62149415755292],[-58.34411772716927,-34.62150683570749],[-58.344084976075756,-34.62152907956172],[-58.34408660514467,-34.621603025423674],[-58.34405782560655,-34.62167225418722],[-58.34406346950288,-34.62176295323084],[-58.34406957171369,-34.6217552169599],[-58.34407006836646,-34.62176003457748],[-58.34411528365303,-34.62169748335483],[-58.34411718687683,-34.62169485126922],[-58.3441976671452,-34.62158750872039],[-58.344261531227644,-34.62153483716768],[-58.34434211527012,-34.62147297479711],[-58.344527516636745,-34.62139530984268],[-58.34470984164492,-34.62134526468765],[-58.3448040158035,-34.62133782304762],[-58.34494678453013,-34.62133545029492],[-58.34504094440895,-34.62133805296619],[-58.34529598150405,-34.62142116735973],[-58.34543313451734,-34.621493919922074],[-58.34548549103092,-34.62152672547246],[-58.34548637297073,-34.62152762774284],[-58.34561928595398,-34.62166354483667],[-58.34571678888938,-34.62183579178359],[-58.34572645933795,-34.62187247016739],[-58.345726527549004,-34.62187272888036],[-58.345738090631905,-34.62191658566397],[-58.345740479773895,-34.62192564726255],[-58.34575060756501,-34.62196406018398],[-58.345756352108886,-34.622114618844186],[-58.34575652228959,-34.62211459397178],[-58.34577027934047,-34.622112583339124],[-58.3457864965161,-34.622099638366954],[-58.34578497298224,-34.62206810077124],[-58.345789166949984,-34.6220586011556],[-58.34580095146875,-34.62205507173518],[-58.34580762937074,-34.6220432398374],[-58.34581729967115,-34.622033476872495],[-58.345816186544155,-34.622028714508005],[-58.3458161410243,-34.62202851975737],[-58.345804291769575,-34.62201980625091],[-58.34580283454679,-34.62201873466264],[-58.34580270081299,-34.622018556885195],[-58.34579402648265,-34.622007025765406],[-58.345791772386264,-34.621995360184094],[-58.3457917121009,-34.62199504819038],[-58.34577241620437,-34.62198209063909],[-58.34578043088154,-34.62195404801757],[-58.34579089143087,-34.621947577796576],[-58.34579096549119,-34.621947639164404],[-58.34579578267868,-34.62195163077905],[-58.34580602805275,-34.621960120292094],[-58.34580965831411,-34.621979996462414],[-58.34580981437163,-34.6219799028642],[-58.3458269174916,-34.62196964496794],[-58.345827459751405,-34.62195625311444],[-58.34581396859786,-34.62193638838492],[-58.34581337056135,-34.62193550781994],[-58.34579562352196,-34.62192684612205],[-58.345787826579084,-34.621897894962224],[-58.34579672279105,-34.621888830753846],[-58.345812409097285,-34.621881933785055],[-58.34581249639259,-34.62188197154319],[-58.34582442118186,-34.621887129411824],[-58.34583798494455,-34.62190312642761],[-58.34584057244151,-34.62192170535317],[-58.345864059241855,-34.62194203241961],[-58.34588599693035,-34.62194896561473],[-58.345886091769934,-34.62194894121141],[-58.34590272527769,-34.62194466121576],[-58.34591162634733,-34.621932141866324],[-58.34592417534104,-34.62192696988349],[-58.34592428643055,-34.621926995511515],[-58.34594298180021,-34.621931308476995],[-58.345979625763434,-34.621948999810634],[-58.34602185863403,-34.62195384858765],[-58.34603682229008,-34.62197022324203],[-58.34603817661837,-34.621971705276316],[-58.34606255603455,-34.621998383531185],[-58.34606929069313,-34.622001698070434],[-58.346069654370154,-34.62200187705823],[-58.34607926676627,-34.62200660790779],[-58.34609807082344,-34.62201267359303],[-58.34609020951131,-34.622028649993744],[-58.34606857417725,-34.62204240197775],[-58.34606514349777,-34.622064322982936],[-58.34604813604584,-34.6220693653976],[-58.346040637754164,-34.622082288137804],[-58.34604289426214,-34.62208432787239],[-58.346055578992676,-34.62209579403076],[-58.34605283394969,-34.62211321761581],[-58.34604346264196,-34.62211730804113],[-58.34604130034085,-34.62211825185071],[-58.346041267556714,-34.62211826616046],[-58.34603093315071,-34.62211718750977],[-58.34603038917814,-34.622117130732775],[-58.34602015320948,-34.62210515535565],[-58.34601887573278,-34.62210366079573],[-58.346018847790845,-34.62210362810558],[-58.34599640034699,-34.62210866618407],[-58.34599026681297,-34.622118778709016],[-58.3460138861144,-34.62214032098569],[-58.34601406055788,-34.622140335571636],[-58.34603129225097,-34.62214177638402],[-58.34604464764251,-34.62213232252472],[-58.34604615929363,-34.622133909303834],[-58.34604925402468,-34.62213715784058],[-58.34605483217738,-34.62214301322224],[-58.34604937559094,-34.62215481385622],[-58.34605004651083,-34.62216155981612],[-58.346057487412004,-34.622169797431],[-58.346057753400586,-34.62217009189953],[-58.3460642029039,-34.62217723196362],[-58.3460651810644,-34.62217783343825],[-58.3460826484714,-34.622188574210725],[-58.34608277001124,-34.62218901871926],[-58.34608603093703,-34.62220094492327],[-58.3460822043686,-34.62220496146385],[-58.346078595494056,-34.62220874950254],[-58.34607853975374,-34.62220880801009],[-58.34606334473614,-34.62220125040718],[-58.34606157957681,-34.622200372463034],[-58.34606155233671,-34.62220035891453],[-58.346049309968485,-34.62220147211827],[-58.34603500404848,-34.62222000865883],[-58.3460367967286,-34.62222135909985],[-58.34604994847255,-34.62223126641743],[-58.34606558565708,-34.62223296800067],[-58.34607034079514,-34.6222369072624],[-58.346072373812255,-34.62224196887837],[-58.34607032182335,-34.62225039877533],[-58.346070301270906,-34.6222650143556],[-58.34606893205936,-34.62227175925602],[-58.34606348544515,-34.62227568871344],[-58.34606336986305,-34.622275688602336],[-58.34606142350434,-34.622275686731726],[-58.34606131010306,-34.622275686622764],[-58.34605005938651,-34.622275675809306],[-58.34604988601339,-34.62227567564269],[-58.34604035943137,-34.62228016366252],[-58.34603150613891,-34.62228971199109],[-58.34602061745628,-34.622295885254005],[-58.34601820641981,-34.622296015676184],[-58.34601058934819,-34.62229642771237],[-58.346010534847984,-34.62229643066048],[-58.346010417089886,-34.62229643703044],[-58.34599613852835,-34.62229473764807],[-58.345987304215775,-34.62229079355917],[-58.34598323265139,-34.62228460591244],[-58.34597530353278,-34.62227449597776],[-58.34597440862388,-34.62227335493394],[-58.345965588186054,-34.6222702747657],[-58.34596155696196,-34.62226886702935],[-58.345961494839685,-34.62226884533576],[-58.34594993237718,-34.622271082350984],[-58.34594253509308,-34.62227500367704],[-58.34594040499851,-34.62227613284744],[-58.34593377865575,-34.62227612647219],[-58.34593360528263,-34.62227612630539],[-58.34591340579112,-34.62226693630858],[-58.34590949557613,-34.62226515730955],[-58.345909435727876,-34.62226513008087],[-58.345900632092594,-34.6222672524454],[-58.34589893707933,-34.62226766107606],[-58.34589083808129,-34.62226731269754],[-58.34587983772854,-34.622266839516364],[-58.34587966654561,-34.622266832152896],[-58.34587268502644,-34.622279777915224],[-58.34587285840539,-34.62227977656588],[-58.345913812039456,-34.622279457832626],[-58.345931196422086,-34.62229638427042],[-58.34593149731607,-34.6222964260117],[-58.345944250307774,-34.62229819515951],[-58.34595773209465,-34.622304324253626],[-58.34595790544283,-34.622304329360404],[-58.34597035293836,-34.62230469605943],[-58.345980432599944,-34.62231088407718],[-58.34598209293414,-34.62231190337484],[-58.34598207460345,-34.62231226301039],[-58.34597985582133,-34.622355793995126],[-58.34594562317559,-34.622405049729515],[-58.34594727836881,-34.62246549323519],[-58.34592986000942,-34.622472672500905],[-58.3459220559589,-34.622485873477025],[-58.34593502426915,-34.62251441134302],[-58.34593849585517,-34.62253782722549],[-58.345947148715894,-34.62255759644609],[-58.34594015300301,-34.62258061464809],[-58.34593835599539,-34.62262090812795],[-58.345952251127905,-34.622642507763835],[-58.3459523381854,-34.622656394200455],[-58.3459524105214,-34.622667932425074],[-58.34596608861744,-34.62270584211612],[-58.34596290007593,-34.62275711443521],[-58.34594272363236,-34.622810270601526],[-58.34592576240355,-34.622910154882305],[-58.34593849276325,-34.622959824469206],[-58.34593864673328,-34.62295974634519],[-58.34604309496527,-34.622906749488074],[-58.346027139903285,-34.62281699884613],[-58.346067530051386,-34.622684097377096],[-58.34609661474969,-34.62265592264567],[-58.34618536598379,-34.62257052637173],[-58.34620240481383,-34.62254243559931],[-58.346283345662336,-34.62240549405288],[-58.34632169819561,-34.62233175153465],[-58.346381341106905,-34.62222816541524],[-58.346468675496396,-34.62207717675059],[-58.34651766481343,-34.621994660029316],[-58.34645868588963,-34.62162394833626],[-58.346585691901524,-34.62147549539493],[-58.34697243676792,-34.62099292073353],[-58.34710512690904,-34.62055209747526],[-58.347156703355886,-34.61999361125477],[-58.34690321851308,-34.61963221166324],[-58.3468993315784,-34.6196281542735],[-58.346567516110056,-34.619281805910056],[-58.346339028179955,-34.61921019557378],[-58.346334207633575,-34.61921724185121],[-58.34633417721203,-34.619217286321515],[-58.3463297880973,-34.61921591072487],[-58.346243244240256,-34.61935021215356],[-58.34592291214822,-34.6195682794038],[-58.345452083830686,-34.6198766443726],[-58.34519826639904,-34.61983633083844],[-58.344681577702026,-34.61963167256537],[-58.344582754576024,-34.619337743610714],[-58.34454853245614,-34.61905914119313],[-58.34460125127602,-34.61900324051163],[-58.345202645522804,-34.61882006994019],[-58.345974708625555,-34.618858610517904],[-58.34638082710047,-34.61904377961019],[-58.34656868881185,-34.61910695248077],[-58.34656879125533,-34.61910692889626],[-58.34729532399051,-34.61893966438857],[-58.3472954654308,-34.618939671964846],[-58.347854052363495,-34.61896959149909],[-58.34832126514011,-34.61905822218196],[-58.34907318066083,-34.61964777240772],[-58.34957810566923,-34.619794673355266],[-58.34957823755981,-34.61979466131407],[-58.3497415500783,-34.61977975128047],[-58.349743033171364,-34.61977961587669],[-58.34974877233083,-34.61977909190133],[-58.350165015600595,-34.61974108887015],[-58.35017392278973,-34.61973797667707],[-58.35068782650023,-34.619558415997616],[-58.35068786260324,-34.619558463709964],[-58.35077676797017,-34.61967595746911],[-58.350776889912275,-34.6196758896439],[-58.35088039543056,-34.61961831892896],[-58.35087336397576,-34.61947497240739],[-58.35087415921939,-34.61947469820751],[-58.351155838654954,-34.61937764839502],[-58.35120145430796,-34.619361931713264],[-58.35123099637744,-34.61935718133558],[-58.35127133932558,-34.61935665770833],[-58.35127133932559,-34.61935665770834],[-58.35133077794014,-34.61935588647474],[-58.351355883757165,-34.619356125058985],[-58.351368303267314,-34.619356537925654],[-58.35142008766783,-34.61935481921061],[-58.351438998699926,-34.619353326676055],[-58.3514693332924,-34.619364231504],[-58.35151993493421,-34.61939345219195],[-58.35152290243626,-34.61939516581985],[-58.35165564401363,-34.61947181925944],[-58.35167776457914,-34.619484429824716],[-58.35168975603018,-34.61949126624781],[-58.351786765818076,-34.61954657127575],[-58.35192292259023,-34.61962419696412],[-58.351923270152184,-34.61962439469222],[-58.35198303163371,-34.61962704983372],[-58.3521732528969,-34.61963550009385],[-58.35221051170305,-34.61963715478056],[-58.35221965822539,-34.61963756153665],[-58.35222016869892,-34.61963742408437],[-58.35255312264363,-34.619547672345334],[-58.352569820954876,-34.61954317131243],[-58.35257011659912,-34.619543091480445],[-58.352570648933884,-34.61954294785529],[-58.352570996819516,-34.61954285426077],[-58.352571019663266,-34.61954289484536],[-58.35257123962267,-34.61954309698181],[-58.35257130375322,-34.61954315572381],[-58.352571368153974,-34.619543215165436],[-58.35258061838564,-34.61956010165171],[-58.352589077560296,-34.61957554345305],[-58.35269850298577,-34.619775295350834],[-58.35275605886077,-34.61977049608335],[-58.35291985095277,-34.61975768289463],[-58.35293614285678,-34.61975546842589],[-58.352938063865025,-34.61975151293449],[-58.352938118390405,-34.61975150757531],[-58.353031156246985,-34.61962354604381],[-58.35309082367113,-34.61954148249532],[-58.353523015718906,-34.61940939518165],[-58.353523045167826,-34.61940938618807],[-58.3535230866013,-34.61940937356785],[-58.35352314979826,-34.61940940697722],[-58.35352322180379,-34.6194094230718],[-58.3535234452003,-34.6194094721452],[-58.35359826786279,-34.619449340681605],[-58.35375422103413,-34.61953243844239],[-58.35389681389262,-34.61960841713699],[-58.35391927270924,-34.619620383861196],[-58.35396295273552,-34.619643657942774],[-58.35407905758946,-34.61970552182397],[-58.354079318004544,-34.619705660875645],[-58.35407953755245,-34.6197053645035],[-58.35425496112261,-34.619468550165074],[-58.35425497973363,-34.619468524963146],[-58.35425512483615,-34.61946832939839],[-58.35425530037362,-34.61946833766805],[-58.354277485329554,-34.61947049295849],[-58.35429366206559,-34.619472064165286],[-58.35482169796471,-34.61952335686452],[-58.35505192843565,-34.61954572186328],[-58.355070353246084,-34.61954751130245],[-58.355145559185225,-34.61955481729848],[-58.35514572096921,-34.61955450104385],[-58.355206411665044,-34.61943507715091],[-58.35521225765492,-34.619422942952085],[-58.3552179417854,-34.61941114482288],[-58.35540035839743,-34.61903251824166],[-58.35543301175164,-34.618964741471515],[-58.35550040975842,-34.61882484761465],[-58.35563083188343,-34.61853229544584],[-58.35581489828777,-34.61811940943076],[-58.355856470937645,-34.61801448569546],[-58.355894305631246,-34.617918997414435],[-58.35596030897388,-34.61775241549287],[-58.35600358896198,-34.61764318265423],[-58.35601620755281,-34.617610896798965],[-58.3560220275608,-34.61761699551176],[-58.35602919773519,-34.61762450975947],[-58.356039135744,-34.61763492455231],[-58.356044683675535,-34.61764073898686],[-58.356521635686555,-34.6181405661734],[-58.35653478168834,-34.61815434240872],[-58.357397754183225,-34.61905868350803],[-58.35827384302216,-34.61997674298509],[-58.359460671549016,-34.62122038662596],[-58.35950765255382,-34.62126961534986],[-58.35951876222175,-34.62128125668016],[-58.35986921290735,-34.621648474694744],[-58.35987078731428,-34.62165012398757],[-58.36003271599528,-34.62181979823344],[-58.36003540675691,-34.62182261751457],[-58.36012281152889,-34.62191420265164],[-58.36012323208061,-34.62191464366683],[-58.36016908245677,-34.62196268668264],[-58.36038071488959,-34.62218444044943],[-58.360392235304616,-34.62219651115077],[-58.360663382541794,-34.6224806224729],[-58.36066350995437,-34.62248075599005],[-58.36087876305581,-34.62270629943944],[-58.36095767950036,-34.62278898814589],[-58.36097485201769,-34.6228069813462],[-58.36123813184342,-34.623082843096135],[-58.36123927530531,-34.6230840420381],[-58.36127340278667,-34.62311980101604],[-58.361278333839074,-34.62312496756437],[-58.361291541394166,-34.623138807272014],[-58.36144015001722,-34.62329451671987],[-58.3615570046232,-34.62341695434095],[-58.361575081336966,-34.62343589466597],[-58.36159249256625,-34.62345413770244],[-58.36160323794756,-34.62346539636439],[-58.361629262321756,-34.62349266343257],[-58.36165569727364,-34.62352036171524],[-58.361666585000634,-34.62351326129932],[-58.361783827292705,-34.62363610418231],[-58.361793813671724,-34.62364656714437],[-58.36187529586174,-34.62373194156103],[-58.36192884456553,-34.62378804799246],[-58.36192952541572,-34.62378876234641],[-58.361929633022555,-34.62378887524845],[-58.361948863136156,-34.62380902350768],[-58.36196930208451,-34.62383043835953],[-58.36197125869689,-34.62383248844389],[-58.36200708715752,-34.62387002849088],[-58.36199619941167,-34.623877129838164],[-58.362021896242894,-34.623904054009934],[-58.36233664674461,-34.62423383565048],[-58.36242369834929,-34.62432504377598],[-58.36244584190133,-34.62434824476445],[-58.36246809001347,-34.62437155580832],[-58.36249815472175,-34.62440305587112],[-58.36260546468199,-34.624515488786564],[-58.36265672301735,-34.624569193425785],[-58.362836419466426,-34.624757468180874],[-58.362935259697,-34.624861026345506],[-58.36307817930633,-34.62501076667449],[-58.363201122687805,-34.62513957573468],[-58.36326035354605,-34.62513639544557],[-58.36336081862032,-34.62513100438643],[-58.36346037856143,-34.625125662081736],[-58.36346055194598,-34.625125657716545],[-58.36649315397708,-34.62519964773091],[-58.366493327352224,-34.62519965147414],[-58.36797657673252,-34.6251997631352],[-58.36797114632129,-34.62547821331409],[-58.367982953415456,-34.627001266786586],[-58.367983649604945,-34.62709048698455],[-58.36798376842992,-34.62710577512732],[-58.36795049636793,-34.62714666538916],[-58.36809663225007,-34.627193681217115],[-58.36944974577509,-34.628327418264334],[-58.36957964531234,-34.62845112850141],[-58.36963535367008,-34.62850418204397],[-58.37046442630011,-34.62929904967853],[-58.37066305759671,-34.62949767394926],[-58.37066323406008,-34.629497850761126],[-58.37066327038708,-34.629497533488774],[-58.37066330132387,-34.62949726309489],[-58.370698058887534,-34.62919366314407],[-58.37071689957992,-34.62902846379568],[-58.370716520776675,-34.629000359104644],[-58.37071422354693,-34.6288301498504],[-58.37079867313643,-34.62811950273025],[-58.37092125067527,-34.627088935930416],[-58.37095243062705,-34.62682678839981],[-58.37096825953697,-34.62665647381104],[-58.37096827964903,-34.62665625479679],[-58.370968343695985,-34.62665556526271],[-58.3709683877573,-34.626655092046434],[-58.37096872656504,-34.62665144696798],[-58.370968898853945,-34.62665144980265],[-58.37097019423378,-34.62665152379805],[-58.370970397045475,-34.62665153567],[-58.37113207739232,-34.626660847000736],[-58.37113224967328,-34.626660857046495],[-58.37127719152595,-34.62666920453987],[-58.371560547170645,-34.62668552271619],[-58.371726106159535,-34.62669505702409],[-58.37172627844067,-34.626695067069015],[-58.37255225955566,-34.62674262932304],[-58.372552431836986,-34.62674263936681],[-58.372790270783426,-34.62675632743534],[-58.37279044415722,-34.62675633567674],[-58.37364027541732,-34.62677900658254],[-58.37364044879512,-34.62677901121709],[-58.37366155618068,-34.62677957389097],[-58.3736617295585,-34.62677957852548],[-58.37387081448814,-34.626785155829786],[-58.37387098786595,-34.626785160464],[-58.374565451292575,-34.626803691493016],[-58.37456562467141,-34.62680369522484],[-58.37557794412637,-34.62730591248493],[-58.37660912068215,-34.62786849186195],[-58.377724275744605,-34.62847688551346],[-58.37793677796851,-34.628614923412485],[-58.378574135072974,-34.62902906812124],[-58.378722701055295,-34.62912560310513],[-58.379049190418385,-34.629337746977214],[-58.378966237513715,-34.629564381801465],[-58.378633309445156,-34.63048341782664],[-58.37863330069091,-34.63048344756735],[-58.37862613124793,-34.63050321518614],[-58.378626122498254,-34.63050324041974],[-58.378634967714675,-34.63051922599004],[-58.37912424762201,-34.63140341266688],[-58.37947568485006,-34.63203849055859],[-58.37952241793145,-34.6321463357614],[-58.37953050931079,-34.63216500790231],[-58.379514867131,-34.632215631575356],[-58.37958243384207,-34.63229624214836],[-58.37964055311839,-34.63236628339465],[-58.380012370042564,-34.63258633400244],[-58.380096943264526,-34.632636386186185],[-58.380118140972414,-34.63273809223612],[-58.380148037958705,-34.63303541716925],[-58.38014808978827,-34.633035934618114],[-58.38125483537025,-34.63307427936086],[-58.38125494654824,-34.63307428321226],[-58.381255901353036,-34.63305177637339],[-58.38126914547642,-34.6327395820992],[-58.38126915174816,-34.632739434259165],[-58.38127929874915,-34.63250024460777],[-58.38128521214712,-34.632360850689594],[-58.38129457178152,-34.63208929416658],[-58.381302298646915,-34.631865108738275],[-58.3813117026549,-34.63159226140739],[-58.381312005750374,-34.631583467382214],[-58.38133559174585,-34.630899123433515],[-58.38133726434333,-34.63085059854444],[-58.38133727205897,-34.63085037860068],[-58.381337292131796,-34.63084979990119],[-58.38133730586496,-34.63084939427818],[-58.381337474771705,-34.63084951878731],[-58.38133767631016,-34.63084961912751],[-58.381337857246216,-34.630849709390866],[-58.381338017579935,-34.63084978957735],[-58.38140773159586,-34.63090101979589],[-58.381662619251706,-34.63108930721251],[-58.38173765532615,-34.63114473628425],[-58.38218439482783,-34.63141775459973],[-58.38262730438618,-34.631688429302855],[-58.383396204704034,-34.632224785746125],[-58.383994634958164,-34.632401023021224],[-58.38535779329658,-34.63280618911709],[-58.38542147162821,-34.63282511550346],[-58.385920251130905,-34.63297002046532],[-58.38652440834505,-34.633145536662894],[-58.38727225521026,-34.63336002051315],[-58.387631044321324,-34.63345594890821],[-58.387656919951915,-34.63346286711072],[-58.38846550956489,-34.63368941900941],[-58.388526509532205,-34.63370650980776],[-58.388544312486815,-34.63371149778215],[-58.388561248812636,-34.63371624330622],[-58.388638977950414,-34.63373410314046],[-58.38864473831703,-34.63373542669841],[-58.388768070305,-34.63376376458135],[-58.38951979999423,-34.63393633643366],[-58.39035697026888,-34.634128602067136],[-58.39053102554005,-34.63267045264427],[-58.390561492571855,-34.63241596101912],[-58.39066662826126,-34.631534184060015],[-58.390787210390485,-34.63052269574651],[-58.39089422965427,-34.62962500399894],[-58.390929498183944,-34.6293326978179],[-58.39106568113171,-34.628203822833996],[-58.391174186861434,-34.62725739800159],[-58.39117490656021,-34.62725740570006],[-58.3916249686182,-34.62726221909763],[-58.392163600693564,-34.62726797756468],[-58.39216377407576,-34.62726797946864],[-58.3922988076594,-34.62729195474114],[-58.393210378519406,-34.62745379884674],[-58.39429710767502,-34.62764681444721],[-58.39446802451189,-34.62767715748114],[-58.3950556576338,-34.627781478570135],[-58.395349684587956,-34.62783367530429],[-58.39541277673773,-34.62784480428219],[-58.39548652361513,-34.62785781262832],[-58.396742066700696,-34.62807927269509],[-58.39681113639126,-34.628091455170676],[-58.39686982615469,-34.6281019093445],[-58.39843665421985,-34.62838155310957],[-58.39852144791535,-34.62839668610704],[-58.398598161218764,-34.628410376997714],[-58.39973419782378,-34.628544357150496],[-58.399910536789726,-34.62856515268989],[-58.40084682514338,-34.62866852353507],[-58.401104856314284,-34.62869767022261],[-58.40124499669648,-34.628713488471725],[-58.4016745677223,-34.62876197585664],[-58.40191915383843,-34.62878958256014],[-58.40238964585852,-34.62884268608045],[-58.403546744355815,-34.628973330328975],[-58.40545775775364,-34.629188972008535],[-58.40564951627903,-34.62921061209177],[-58.40650785445328,-34.62930745476939],[-58.40651698443373,-34.629308484832904],[-58.40672903058458,-34.62933242470944],[-58.40675500078762,-34.629335356702676],[-58.40836812467837,-34.6295203914632],[-58.409430080309555,-34.62978030490844],[-58.40958541691136,-34.62981981044928],[-58.40970014905251,-34.629848989340225],[-58.40987251127299,-34.629892824294686],[-58.41003742387687,-34.62993247407473],[-58.410053806103214,-34.6299364888224],[-58.41020945175645,-34.629974632350454],[-58.4105219404094,-34.630051212130375],[-58.41083081093443,-34.630126904941484],[-58.41097915634407,-34.630163257946855],[-58.41105729524799,-34.63018240674883],[-58.41158476088142,-34.63031166515152],[-58.411782811125846,-34.63036027048347],[-58.41178276811417,-34.63036105019175],[-58.411654373885746,-34.631535369289146],[-58.41164227981809,-34.631658625815795],[-58.41163799768043,-34.63170226524605],[-58.411524156291684,-34.632860028364306],[-58.411524050933046,-34.63286110190784],[-58.41148112715898,-34.63297193008598],[-58.410990442838944,-34.634237648665376],[-58.41088376935537,-34.63451281727809],[-58.41056884083991,-34.635098883950484],[-58.41049206922788,-34.63524181008535],[-58.41051545634473,-34.63571372558299],[-58.41070949083322,-34.636338463456],[-58.410930826220046,-34.637047438371724],[-58.41100565490151,-34.63728571224938],[-58.411263904263684,-34.638103577189334],[-58.411629220316996,-34.638163310745924],[-58.41188318730597,-34.63820475614839],[-58.41207471222103,-34.63823838747219],[-58.41319535614144,-34.638435163540386],[-58.41455660486835,-34.638674097526405],[-58.41584706455687,-34.638900594311615],[-58.415921210369056,-34.638913607143415],[-58.416093303507864,-34.63894381003736],[-58.41613903072944,-34.63895183501225],[-58.41708999376769,-34.63911255293963],[-58.417261154870445,-34.6391414909472],[-58.41844260815464,-34.6393340191483],[-58.41845125271923,-34.63933542780798],[-58.418452939724716,-34.63933570262499],[-58.41845303023858,-34.6393357170809],[-58.41845969988973,-34.63933682376865],[-58.41846155161493,-34.63933710569141],[-58.41846775788279,-34.63933811722426],[-58.418468131873816,-34.63933817800781],[-58.41848305244246,-34.63934060928783],[-58.41851968030721,-34.63934595462124],[-58.41862576013449,-34.639361436593845],[-58.41918086598994,-34.63944253810225],[-58.41929840108565,-34.639459710183466],[-58.41953720869348,-34.639500852929395],[-58.41975957356703,-34.63953917241165],[-58.41995261592489,-34.63957356630108],[-58.42092035699533,-34.639745981348646],[-58.420920813927026,-34.639746062634934],[-58.4223090276535,-34.63999337020456],[-58.42349481677904,-34.64020460971672],[-58.42492122161083,-34.64044429474785],[-58.424974732759736,-34.64045348168502],[-58.4250724505083,-34.64047025796698],[-58.42585271598406,-34.640602122486754],[-58.426169566466655,-34.64065566853302],[-58.426771077364116,-34.64075725952861],[-58.42742549948051,-34.64086780698528],[-58.42767984620987,-34.640910783549494],[-58.42799915383122,-34.64096473602097],[-58.42835716611258,-34.64102519165393],[-58.42856906005807,-34.64106123852555],[-58.42925364860376,-34.641177559228474],[-58.42952530665849,-34.641223783675436],[-58.42973452207424,-34.64125938338114],[-58.429835683847486,-34.641273358796525],[-58.429925034589985,-34.64128570293838],[-58.43012645205672,-34.64131343497982],[-58.430788636905774,-34.64142556290189],[-58.43090030228068,-34.64144447098069],[-58.43092623623345,-34.641448862356704],[-58.43099771917386,-34.64146409181],[-58.431160877962334,-34.64149885386691],[-58.43142423120672,-34.641554980261034],[-58.43211631483466,-34.64169832933426],[-58.43234695414734,-34.64174550061151],[-58.43230865982955,-34.64230056676731],[-58.432255318074475,-34.642990417777526],[-58.43221870385768,-34.64360830119426],[-58.432177494855495,-34.644206464891745],[-58.43211007402147,-34.64516786352747],[-58.43262063815402,-34.64522017690079],[-58.43348403061003,-34.64559757674166],[-58.433538897372536,-34.6456220978338],[-58.43492550133184,-34.64624102483313]],[[-58.4090115304858,-34.648086750677166],[-58.40636970865052,-34.64765942983579],[-58.40610614428519,-34.647616793152814],[-58.40636970865051,-34.64765942983579],[-58.4090115304858,-34.648086750677166]],[[-58.40154538658591,-34.64678701627533],[-58.40154498959743,-34.64678697100351],[-58.40108756192721,-34.64673503691882],[-58.401544989597404,-34.64678697100351],[-58.401545386585894,-34.64678701627535],[-58.40152784429683,-34.64686234498235],[-58.40154538658591,-34.64678701627533]],[[-58.40108756192721,-34.64673503691882],[-58.40076336594141,-34.646615032427356],[-58.40060635289558,-34.64655691147244],[-58.40046944364046,-34.646479221030596],[-58.400606352895565,-34.646556911472445],[-58.4007633659414,-34.646615032427356],[-58.40108756192721,-34.64673503691882]],[[-58.40104854457553,-34.65998708766723],[-58.40104000306236,-34.6599758696563],[-58.40103995182547,-34.659975945177294],[-58.40104854457553,-34.65998708766723]],[[-58.40049628278122,-34.645922446757915],[-58.40035624017177,-34.646313575343854],[-58.40033647746207,-34.64636272293054],[-58.400336477462076,-34.64636272293054],[-58.400356240171774,-34.646313575343875],[-58.40049628278122,-34.645922446757915]],[[-58.39265417683155,-34.64262148313481],[-58.39140444474249,-34.64209028207305],[-58.3914754867334,-34.64083059494043],[-58.39147548673337,-34.64083059494042],[-58.391404444742484,-34.64209028207305],[-58.39265417683155,-34.64262148313481]],[[-58.39033529772887,-34.63436021094738],[-58.390286716888305,-34.63496237086287],[-58.39025310158333,-34.63540369352198],[-58.39023569085133,-34.63563227612681],[-58.39016845901276,-34.63651590652489],[-58.39023569085134,-34.63563227612681],[-58.39025310158334,-34.63540369352198],[-58.39028671688832,-34.63496237086286],[-58.39033529772887,-34.63436021094738]],[[-58.3902483331134,-34.64035732654022],[-58.38988582697721,-34.64020957225905],[-58.39024833311339,-34.64035732654022],[-58.3902483331134,-34.64035732654022]],[[-58.39016845901276,-34.63651590652489],[-58.39011104349486,-34.63727017582978],[-58.39006838416744,-34.63783057718981],[-58.389971237397766,-34.63910595199659],[-58.390068384167456,-34.63783057718981],[-58.390111043494876,-34.63727017582978],[-58.39016845901276,-34.63651590652489]],[[-58.370589244793116,-34.63023048754467],[-58.37053839287331,-34.63081405094373],[-58.370536558934056,-34.63083512558804],[-58.37053839287331,-34.630814050943734],[-58.370589244793116,-34.63023048754467]],[[-58.37025175444134,-34.63363526672746],[-58.37023530079318,-34.63375722964888],[-58.37011111742918,-34.63456207137272],[-58.3702353007932,-34.633757229648864],[-58.37025175444134,-34.63363526672746]]]}}